O18,H2,category,site,species,functional feeding group,size_max,replicate,UID,weight_(mg),H2_amp,%H,CO_amp,%O,comment
14.89338122,-162.6695308,fish,AR,C.lutrensis,invertivore_herbivore,40,8,AR_Cyprinidae_NA_8,0.3659,6917,6.218496639,4124,19.77892257,
13.66273945,-135.5657654,fish,SFC,P.latipinna,,40,1,SFC_P.latipinna_40_1,0.3753,5477,4.886839492,4827,24.2846872,
15.2956395,-134.0896362,fish,SFC,P.latipinna,,40,1,SFC_P.latipinna_40_1,0.3659,5904,5.272482,4026,22.58635458,
12.46320285,-132.0484437,fish,SFC,P.latipinna,,40,2,SFC_P.latipinna_40_2,0.3665,5707,4.897153289,4094,23.36664098,
14.5102167,-127.9622748,fish,SFC,P.latipinna,,80,2,SFC_P.latipinna_80_2,0.3686,5906,5.375732962,4213,21.46157141,
16.62440252,-123.7050371,fish,AR,C.lutrensis,invertivore_herbivore,40,9,AR_Cyprinidae_NA_9,0.3587,7069,6.383840008,3846,20.63767397,
13.32669705,-119.8438775,fish,SFC,P.latipinna,,80,1,SFC_P.latipinna_80_1,0.375,6087,5.28267956,4389,21.04252728,
12.05821117,-118.1091593,fish,AR,A.natalis,Piscivore_invertivore_herbivore,80,1,AR_A.natalis_80_1,0.3704,6724,5.74247819,4328,23.16098132,
12.77540586,-113.6978493,fish,AR,L.gulosus,,80,1,AR_L.gulosus_80_1,0.3784,6016,5.323015561,4760,22.43935179,
11.693674,-113.5774474,fish,SFC,P.latipinna,,80,3,SFC_P.latipinna_80_3,0.4065,6646,5.494420708,4855,22.40382184,
13.43750022,-113.2305284,fish,SFC,L.gulosus,,80,3,SFC_L.gulosus_80_3,0.3516,5570,5.92E+11,4168,21.3587506,
14.64271175,-113.0095211,fish,AR,L.macrochirus,,120,3,AR_L.macrochirus_120_3,0.3852,6951,5.930349744,5073,23.26281869,
15.20378572,-112.948126,fish,AR,I.punctatus,Piscivore_invertivore_herbivore_detritivore,80,2,AR_I.punctatus_80_2,0.3858,6537,5.512619845,4172,21.41717181,
16.40286746,-95.25449627,invertebrate,AR,Aeshnidae,,NA,1,AR_Aeshnidae_NA_1,0.3992,7256,6.003653286,5289,25.19536253,
18.2662174,-86.95286225,invertebrate,SFC,Aeshnidae,,NA,1,SFC_Aeshnidae_NA_1,0.3426,6009,5.845445581,4666,26.14058691,
14.13754671,-84.03039029,invertebrate,SFC,Annelidae,,NA,2,SFC_Annelidae_NA_2,0.3836,7294,6.382812872,5401,26.43820674,
14.96279149,-99.47249264,Aquatic primary producer,AR,aquatic vegetation,,NA,1,AR_aquatic vegetation_NA_1,0.3922,6375,5.30506889,7331,35.81601208,
15.09382331,-97.23160846,Aquatic primary producer,AR,aquatic vegetation,,NA,2,AR_aquatic vegetation_NA_2,0.3961,6276,5.228680037,7198,35.11046101,
14.61929562,-93.41309251,Aquatic primary producer,AR,aquatic vegetation,,NA,3,AR_aquatic vegetation_NA_3,0.3682,5852,5.348694006,7110,36.56725576,
15.20930899,-96.36421912,Aquatic primary producer,GC,aquatic vegetation,,NA,1,GC_aquatic vegetation_NA_1,0.3464,4948,4.900523915,5603,34.61738809,
14.19732871,-73.36684671,Aquatic primary producer,GC,aquatic vegetation,,NA,2,GC_aquatic vegetation_NA_2,0.3451,4356,4.330882369,5596,34.45039965,
14.17882139,-82.9867029,Aquatic primary producer,GC,aquatic vegetation,,NA,3,GC_aquatic vegetation_NA_3,0.3552,4811,4.526940041,5948,35.17734044,
14.73404101,-123.8980532,Aquatic primary producer,SFC,aquatic vegetation,,NA,1,SFC_aquatic vegetation_NA_1,0.3767,6114,5.536603517,7370,37.20103789,
14.42311802,-119.7968269,Aquatic primary producer,SFC,aquatic vegetation,,NA,2,SFC_aquatic vegetation_NA_2,0.36,4918,4.571646308,5848,32.82704867,
16.01622816,-131.255456,Aquatic primary producer,SFC,aquatic vegetation,,NA,3,SFC_aquatic vegetation_NA_3,0.3921,6454,5.547585486,7154,35.61205182,
18.45633891,-129.2687436,invertebrate,SFC,Belastomatidae,,NA,1,SFC_Belastomatidae_NA_1,0.3774,7852,6.703341988,5037,24.23281855,
17.67254271,-101.6259565,invertebrate,SFC,Belastomatidae,,NA,2,SFC_Belastomatidae_NA_2,0.3534,7005,6.549949975,5090,25.22881337,
10.28340059,-105.3801382,Terrestrial primary producer,SFC,Bryophite,,NA,1,SFC_Bryophite_NA_1,0.3559,1397,1.312051432,1646,9.387798616,
16.04137473,-112.6400508,fish,AR,H.cyanoguttatus,invertivore_herbivore_detrititivore,80,3,AR_H.cyanoguttatus_80_3,0.3543,6189,5.93445998,4544,22.39130561,
18.7278975,-77.72257974,invertebrate,GC,Cambaridae,,NA,1,GC_Cambaridae_NA_1,0.3518,4619,4.374559875,6810,35.1613606,
13.88640573,-108.9836134,invertebrate,GC,Cambaridae,,NA,2,GC_Cambaridae_NA_2,0.4069,6845,5.832218604,5592,26.20592061,
13.97301999,-106.3852245,invertebrate,GC,Cambaridae,,NA,4,GC_Cambaridae_NA_4,0.368,6209,5.793164246,4862,25.23658315,
20.25643632,-79.06718159,invertebrate,SFC,Cambaridae,,NA,1,SFC_Cambaridae_NA_1,0.393,2994,2.613799302,6054,27.74777688,
14.32525518,-90.12100321,invertebrate,SFC,Chironomidae,,NA,1,SFC_Chironomidae_NA_1,0.3617,5994,5.552161315,4798,26.13369169,
16.08641707,-95.36765386,invertebrate,AR,Coenagrionidae,,NA,1,AR_Coenagrionidae_NA_1,0.3606,6844,6.02232755,4880,27.3051044,
18.23913573,-98.56764435,invertebrate,AR,Coenagrionidae,,NA,3,AR_coenagrionidae_NA_3,0.3898,7465,6.045012603,4896,25.04314565,
15.9124071,-101.0118598,invertebrate,GC,Coenagrionidae,,NA,1,GC_Coenagrionidae_NA_1,0.3563,6338,5.831761593,5006,25.45971435,
16.20944459,-97.05982531,invertebrate,SFC,Coenagrionidae,,NA,1,SFC_Coenagrionidae_NA_1,0.3619,6985,6.636394762,4944,25.6149001,
15.84706726,-75.13272039,invertebrate,SFC,Coenagrionidae,,NA,2,SFC_Coenagrionidae_NA_2,0.3977,7107,5.981525127,5279,24.86803399,
16.09692008,-92.08238793,invertebrate,AR,Corbiculidae,,NA,1,AR_Corbiculidae_NA_1,0.3765,6644,5.969337883,5237,28.39672706,
14.31503527,-85.04053557,invertebrate,AR,Corbiculidae,,NA,2,AR_Corbiculidae_NA_2,0.3556,6659,6.516890611,5032,26.25843005,
16.38638723,-88.86999914,invertebrate,AR,Corbiculidae,,NA,3,AR_Corbiculidae_NA_3,0.3496,6426,6.140852994,4290,23.39628755,
17.07765684,-96.15475978,invertebrate,AR,Corbiculidae,,NA,4,AR_Corbiculidae_NA_4,0.368,6951,6.25158539,5292,25.66335306,
12.54849961,-96.35873068,invertebrate,GC,Corbiculidae,,NA,1,GC_Corbiculidae_NA_1,0.3622,5531,5.101700899,4265,24.86795532,
15.1060867,-81.26057968,invertebrate,GC,Corbiculidae,,NA,2,GC_Corbiculidae_NA_2,0.357,7028,6.291796553,4673,26.2817403,
15.72484718,-90.55793033,invertebrate,GC,Corbiculidae,,NA,3,GC_Corbiculidae_NA_3,0.3534,6494,5.978531154,4511,25.40819922,
15.73861836,-93.2890697,invertebrate,SFC,Corbiculidae,,NA,1,SFC_Corbiculidae_NA_1,0.3593,6941,6.437411955,5006,26.49618146,
17.15183734,-95.58618783,invertebrate,SFC,Corbiculidae,,NA,2,SFC_Corbiculidae_NA_2,0.3921,7576,6.3750728,5477,26.86054043,
14.14476792,-89.92427696,invertebrate,SFC,Corbiculidae,,NA,3,SFC_Corbiculidae_NA_3,0.3909,7395,6.518772803,5680,27.00997004,
14.24766863,-95.83882235,invertebrate,SFC,Corbiculidae,,NA,4,SFC_Corbiculidae_NA_4,0.3888,7303,6.565147852,5869,28.37821912,
15.75691088,-80.36164339,invertebrate,AR,Corduliidae,,NA,5,AR_Corduliidae_NA_5,0.3894,6479,5.392952214,4657,23.52271228,
18.14477684,-68.77821977,invertebrate,GC,Corduliidae,,NA,4,GC_Corduliidae_NA_4,0.3801,6544,5.52193795,5178,27.13585793,
16.62353067,-92.22929008,invertebrate,SFC,Corduliidae,,NA,5,SFC_Corduliidae_NA_5,0.3769,6479,5.605076711,4234,21.50625417,
17.12746048,-74.52783462,invertebrate,AR,Corydalidae,,NA,6,AR_Corydalidae_NA_6,0.3771,6967,6.035236395,5273,27.12451681,
17.66782144,-97.13685812,organic material,AR,CPOM,,NA,1,AR_CPOM_NA_1,0.3538,5631,5.243824922,6765,36.84424661,
16.15614351,-97.9395399,organic material,AR,CPOM,,NA,2,AR_CPOM_NA_2,0.3564,4676,4.322944246,5322,30.29388549,
14.13144265,-70.82091263,organic material,AR,CPOM,,NA,3,AR_CPOM_NA_3,0.3622,5273,5.089036742,6557,35.41064224,
12.25702124,-98.66518889,organic material,AR,CPOM,,NA,5,AR_CPOM_NA_5,0.368,5879,5.219109726,7125,37.13808639,
13.64284939,-95.51762864,organic material,AR,CPOM,,NA,6,AR_CPOM_NA_6,0.347,4930,4.734778332,6640,36.40192895,
17.91359865,-102.5984837,organic material,GC,CPOM,,NA,1,GC_CPOM_NA_1,0.3929,6829,5.8318388,7170,36.76531213,
15.56687042,-69.8795718,organic material,GC,CPOM,,NA,2,GC_CPOM_NA_2,0.3914,6390,5.717765149,8270,40.48139347,
19.50744909,-90.55055363,organic material,GC,CPOM,,NA,3,GC_CPOM_NA_3,0.382,6733,6.037293421,7626,39.11336305,
14.97611676,-76.43814448,organic material,SFC,CPOM,,NA,1,SFC_CPOM_NA_1,0.3457,5385,5.119315276,6252,35.55021306,
16.00541873,-112.5743443,fish,AR,C.lutrensis,invertivore_herbivore,40,7,AR_Cyprinidae_NA_7,0.401,7371,5.919789961,4516,23.08847577,
15.69413762,-111.9722415,fish,AR,L.macrochirus,,80,3,AR_L.macrochirus_80_3,0.3466,5369,5.030342397,3787,21.37857007,
9.909985711,-111.6970077,fish,AR,I.punctatus,Piscivore_invertivore_herbivore_detritivore,80,1,AR_I.punctatus_80_1,0.3528,6328,5.869257789,4209,22.46426767,
14.58302127,-99.96879467,invertebrate,AR,Dogielinotidae,,NA,1,AR_Dogielinotidae_NA_1,0.3594,4953,4.8481389,6124,33.88867561,
14.64966025,-122.1212857,invertebrate,GC,Dogielinotidae,,NA,1,GC_Dogielinotidae_NA_1,0.3691,5368,4.778779199,5638,31.51058583,
15.78481011,-104.8086509,invertebrate,GC,Dystiscidae,,NA,1,GC_Dystiscidae_NA_1,0.3524,7079,6.511087578,4544,25.26863504,
16.35433796,-139.9786221,invertebrate,GC,Dystiscidae,,NA,2,GC_Dystiscidae_NA_2,0.3539,6652,6.228951936,5112,26.75557561,
17.37646211,-111.6733546,fish,AR,H.cyanoguttatus,invertivore_herbivore_detrititivore,80,1,AR_H.cyanoguttatus_80_1,0.3978,6857,5.81,4955,21.78,
16.81130265,-80.74601941,invertebrate,AR,Elmidae,,NA,1,AR_Elmidae_NA_1,0.3753,6620,6.057908853,5558,28.48524611,
15.7961546,-98.46774489,invertebrate,AR,Elmidae,,NA,2,AR_Elmidae_NA_2,0.3935,7211,6.13936284,5892,27.49437324,
16.39621483,-140.6304407,Aquatic primary producer,AR,Filamentous Algae,,NA,3,AR_Filamentous Algae_NA_3,0.3504,4710,4.345116904,5335,32.14191188,
16.81456706,-201.162096,Aquatic primary producer,AR,Filamentous Algae,,NA,4,AR_Filamentous Algae_NA_4,0.375,4903,4.148161353,5616,32.89759537,
11.41531607,-187.8049375,Aquatic primary producer,AR,Filamentous Algae,,NA,5,AR_Filamentous Algae_NA_5,0.3661,3528,3.326804275,4599,25.743281,
12.28084138,-146.9930743,Aquatic primary producer,GC,Filamentous Algae,,NA,1,GC_Filamentous Algae_NA_1,0.3801,3967,3.435533375,4535,25.6336045,
8.084177473,-144.0873951,Aquatic primary producer,GC,Filamentous Algae,,NA,2,GC_Filamentous Algae_NA_2,0.3943,1205,1.13722555,1669,8.569018647,
14.99388378,-136.6277236,Aquatic primary producer,GC,Filamentous Algae,,NA,3,GC_Filamentous Algae_NA_3,0.3775,5299,4.731390157,5967,33.96412603,
13.38744837,-142.1725446,Aquatic primary producer,GC,Filamentous Algae,,NA,4,GC_Filamentous Algae_NA_4,0.3935,3850,3.402113503,4467,24.40332664,
11.62555147,-173.6974481,Aquatic primary producer,GC,Filamentous Algae,,NA,5,GC_Filamentous Algae_NA_5,0.3733,3414,3.218371167,4472,25.45298977,
13.86715812,-137.2717178,Aquatic primary producer,SFC,Filamentous Algae,,NA,1,SFC_Filamentous Algae_NA_1,0.3909,3984,3.513009566,5042,27.41849661,
15.03756106,-129.7856702,Aquatic primary producer,SFC,Filamentous Algae,,NA,2,SFC_Filamentous Algae_NA_2,0.3459,3115,3.092957259,4038,24.91926345,
15.18191816,-121.603246,Aquatic primary producer,SFC,Filamentous Algae,,NA,3,SFC_Filamentous Algae_NA_3,0.3698,3889,3.808787018,5335,30.37734821,
15.25303742,-106.4763082,organic material,AR,FPOM,,NA,1,AR_FPOM_NA_1,0.352,520,0.620688998,1098,5.787675069,
13.87344712,-115.1833222,organic material,GC,FPOM,,NA,1,GC_FPOM_NA_1,0.3701,2374,2.292898877,3516,18.6379181,
13.34940262,-115.9079226,organic material,GC,FPOM,,NA,2,GC_FPOM_NA_2,0.3617,2423,2.398357007,3387,17.95606703,
13.69089435,-136.3603795,organic material,GC,FPOM,,NA,3,GC_FPOM_NA_3,0.3788,2493,2.368684778,3301,16.74337386,
13.34667795,-96.1893449,organic material,SFC,FPOM,,NA,1,SFC_FPOM_NA_1,0.3632,1167,1.224695834,1826,9.755125707,
12.47387592,-95.84686789,organic material,SFC,FPOM,,NA,2,SFC_FPOM_NA_2,0.3921,1398,1.349919823,2150,10.19144566,
10.77277479,-113.6716995,organic material,SFC,FPOM,,NA,3,SFC_FPOM_NA_3,0.3769,623,0.680277164,1049,5.200987302,
16.66259906,-92.72408493,invertebrate,AR,Gomphidae,,NA,1,AR_Gomphidae_NA_1,0.3765,7062,6.245049405,5843,28.01270865,
19.01589466,-96.02835611,Terrestrial primary producer,AR,grass,,NA,1,AR_grass_NA_1,0.3731,6210,5.449518136,7426,38.70959596,
19.58443954,-88.11939843,Terrestrial primary producer,AR,grass,,NA,2,AR_grass_NA_2,0.3915,6707,5.598925964,7634,38.5686404,
12.17347516,-100.3871649,Terrestrial primary producer,AR,grass,,NA,3,AR_grass_NA_3,0.3514,6532,6.194409476,4913,26.40099968,
19.61627213,-68.92205409,Terrestrial primary producer,GC,grass,,NA,1,GC_grass_NA_1,0.3869,6368,5.664311303,7616,39.60266826,
21.09685776,-102.7171142,Terrestrial primary producer,GC,grass,,NA,2,GC_grass_NA_2,0.3565,5674,5.464104795,6390,38.44026208,
19.169965,-85.1400228,Terrestrial primary producer,GC,grass,,NA,3,GC_grass_NA_3,0.3981,6394,5.507806542,8259,39.89709921,
21.83566999,-75.44519168,Terrestrial primary producer,SFC,grass,,NA,1,SFC_grass_NA_1,0.3475,5785,5.701542469,6460,38.43030932,grass leaf/blade
21.17162734,-75.05386505,Terrestrial primary producer,SFC,grass,,NA,2,SFC_grass_NA_2,0.383,6535,5.673439233,7131,35.64113867,grass seed
18.14308943,-97.67687839,invertebrate,AR,Gyrinidae,,NA,1,AR_Gyrinidae_NA_1,0.3901,7781,6.678080663,5409,26.83076989,
19.99974381,-111.7644822,invertebrate,GC,Gyrinidae,,NA,1,GC_Gyrinidae_NA_1,0.3499,7277,6.948881245,4749,26.31338252,
13.13176785,-110.5705391,fish,AR,P.latipinna,,40,7,AR_P.latipinna_40_7,0.3438,5922,5.563060349,3890,22.4335833,
13.19279741,-110.1195371,fish,SFC,L.cyanellus,,80,1,SFC_L.cyanellus_80_1,0.3586,6090,5.593724295,3988,21.74674321,
14.31574136,-109.5509149,fish,AR,M.salmoides,,120,1,AR_M.salmoides_120_1,0.3524,6307,5.81601615,4121,22.56094898,
10.94260523,-108.9466397,fish,AR,H.cyanoguttatus,invertivore_herbivore_detrititivore,40,2,AR_H.cyanoguttatus_40_2,0.342,5595,5.200324701,3864,22.64314829,
16.62091512,-108.5440266,fish,SFC,L.macrochirus,,80,2,SFC_L.macrochirus_80_2,0.3688,6286,5.48981499,3981,21.19381181,
17.055892,-107.658254,fish,AR,I.punctatus,Piscivore_invertivore_herbivore_detritivore,80,3,AR_I.punctatus_80_3,0.3468,5842,5.508778163,3939,22.61128236,
13.29218459,-107.3350314,fish,AR,L.cyanellus,,80,5,AR_L.cyanellus_80_5,0.3615,5963,5.529763059,4358,21.51241053,
14.06704158,-106.4035825,fish,SFC,L.oculatus,,120,1,SFC_L.oculatus_120_1,0.3528,6695,6.211706098,4311,22.782799,
14.4798109,-106.2934641,fish,AR,L.cyanellus,,80,4,AR_L.cyanellus_80_4,0.3717,5728,5.033482395,3732,20.32415237,
14.94576009,-104.658263,fish,SFC,L.cyanellus,,80,3,SFC_L.cyanellus_80_3,0.3598,6418,5.831955167,3963,21.61073005,
15.96054291,-121.4457589,invertebrate,AR,Hydropsychidae,,NA,1,AR_Hydropsychidae_NA_1,0.3617,7072,6.439904524,5069,25.50431689,
13.06074105,-103.8446677,fish,SFC,L.macrochirus,,80,1,SFC_L.macrochirus_80_1,0.3526,5898,5.549927282,4158,22.34909403,
16.0045837,-103.7009624,fish,AR,P.olivaris,,120,1,AR_P.olivaris_120_1,0.3754,6781,5.849343418,4342,22.91263793,
14.88654133,-103.4905007,fish,SFC,L.oculatus,,400,1,SFC_L.oculatus_400_1,0.3503,6479,6.343931115,4596,24.51695388,
14.13846236,-103.3079881,fish,AR,M.salmoides,,120,2,AR_M.salmoides_120_2,0.4006,7070,5.918735288,4935,22.68239326,
12.18319408,-103.2301438,fish,AR,M.salmoides,,120,3,AR_M.salmoides_120_3,0.4017,7221,5.789085852,4534,2.30E+11,
14.80165073,-101.8680523,fish,SFC,H.cyanoguttatus,invertivore_herbivore_detrititivore,80,2,SFC_H.cyanoguttatus_80_2,0.3939,6438,5.489954326,5293,24.40328352,
13.82764904,-100.8447911,fish,AR,L.cyanellus,,80,6,AR_L.cyanellus_80_6,0.3674,5237,4.586395971,3253,17.75643236,
13.64728162,-100.4717585,fish,AR,A.natalis,Piscivore_invertivore_herbivore,80,3,AR_A.natalis_80_3,0.3853,6827,5.730769236,4267,21.98443377,
14.94151703,-100.2914771,fish,AR,H.cyanoguttatus,invertivore_herbivore_detrititivore,160,1,AR_H.cyanoguttatus_160_1,0.3909,7070,5.851558063,5143,23.41334521,
14.74952701,-99.87026221,fish,AR,H.cyanoguttatus,invertivore_herbivore_detrititivore,80,2,AR_H.cyanoguttatus_80_2,0.3467,5945,5.430933282,3860,22.30897775,
14.83618848,-99.75320697,fish,SFC,L.gulosus,,80,2,SFC_L.gulosus_80_2,0.3474,5672,5.490465871,3962,21.24117866,
13.0561628,-99.58585527,fish,GC,M.salmoides,,80,2,GC_M.salmoides_80_2,0.3589,6184,5.870817877,4430,22.48197688,
12.55470775,-99.2893523,fish,AR,L.macrochirus,,80,2,AR_L.macrochirus_80_2,0.3819,3239,2.846697896,2636,12.21729099,
14.93970058,-99.24380117,fish,SFC,L.cyanellus,,120,1,SFC_L.cyanellus_120_1,0.3538,7062,6.631929251,5164,25.90330685,
11.6122262,-99.19910384,fish,SFC,L.gulosus,,80,1,SFC_L.gulosus_80_1,0.3582,5594,5.490303481,4364,22.92496287,
11.28346232,-98.93953143,fish,GC,L.auritus,,120,2,GC_L.auritus_120_2,0.3476,6444,6.34693001,4233,22.02282307,
16.85868139,-98.86533719,fish,AR,L.macrochirus,,160,1,AR_L.macrochirus_160_1,0.4019,7544,6.227094855,4980,23.84433516,
11.66620447,-97.74745965,fish,GC,A.natalis,Piscivore_invertivore_herbivore,200,1,GC_A.natalis_200_1,0.353,6337,6.014449466,4088,21.21755775,
18.86685558,-97.11133349,fish,SFC,L.macrochirus,,80,3,SFC_L.macrochirus_80_3,0.3859,6120,5.252542035,4803,22.54969181,
15.88684385,-96.30098442,fish,AR,L.macrochirus,,120,2,AR_L.macrochirus_120_2,0.3817,6532,5.502623817,4211,21.96694573,
12.54290085,-95.87554823,fish,AR,L.macrochirus,,120,1,AR_L.macrochirus_120_1,0.3941,6981,5.846697925,5279,23.39316021,
14.58154069,-95.80265,fish,GC,L.megalotis,,80,4,GC_L.megalotis_80_4,0.3437,6011,5.635774033,4184,22.75791221,
14.71349124,-95.59497043,fish,SFC,H.cyanoguttatus,invertivore_herbivore_detrititivore,80,1,SFC_H.cyanoguttatus_80_1,0.4028,6722,5.473750181,4786,22.69784148,
17.39575099,-94.99162502,fish,SFC,P.latipinna,,40,2,SFC_P.latipinna_40_2,0.3781,5257,4.608356947,3972,21.43667741,
14.78348627,-94.88354586,fish,AR,P.latipinna,,40,9,AR_P.latipinna_40_9,0.3571,6284,5.770397403,4732,23.56365347,
11.948225,-93.66094527,fish,GC,P.latipinna,,40,4,GC_P.latipinna_40_4,0.3595,6378,5.951800022,4214,21.54248534,
13.07422569,-93.32383157,fish,SFC,C.lutrensis,invertivore_herbivore,80,1,SFC_C.lutrensis_80_1,0.3841,5590,4.897841243,4503,22.73221442,
13.25211212,-93.29491493,fish,GC,L.macrochirus,,80,5,GC_L.macrochirus_80_5,0.3747,6465,5.778434418,4540,22.1970869,
13.46729013,-93.19516342,fish,GC,L.microlophus,,120,1,GC_L.microlophus_120_1,0.3575,6136,5.865608633,4669,23.37940889,
12.49944694,-93.14982182,fish,GC,L.auritus,,80,2,GC_L.auritus_80_2,0.3897,6943,6.02106963,4804,22.41853806,
13.08912623,-92.3336731,fish,AR,P.latipinna,,40,8,AR_P.latipinna_40_8,0.375,6270,5.551238359,4469,22.50364789,
13.46655859,-92.20756407,fish,AR,L.gulosus,,120,1,AR_L.gulosus_120_1,0.3848,6752,5.689644666,4393,22.22470506,
12.7173719,-92.03689174,fish,GC,L.auritus,,80,1,GC_L.auritus_80_1,0.3467,5549,5.435314216,3993,21.29231102,
14.3558465,-91.94460441,fish,AR,L.macrochirus,,80,1,AR_L.macrochirus_80_1,0.3822,5514,4.728978518,4106,21.01211208,
13.41692932,-91.2446504,fish,GC,A.natalis,Piscivore_invertivore_herbivore,80,1,GC_A.natalis_80_1,0.3549,6347,5.994771333,4248,22.04438119,
12.15424649,-91.11109879,fish,GC,L.megalotis,,80,2,GC_L.megalotis_80_2,0.3505,6546,6.149155263,4161,22.10242114,
10.68371087,-91.04514738,fish,AR,H.cyanoguttatus,invertivore_herbivore_detrititivore,40,1,AR_H.cyanoguttatus_40_1,0.3701,5968,5.454749812,4852,24.73425417,
14.09516309,-90.77439646,fish,GC,L.cyanellus,,100,1,GC_L.cyanellus_100_1,0.3653,6617,5.930284518,3964,21.13507745,
13.44989276,-89.94540758,fish,GC,A.natalis,Piscivore_invertivore_herbivore,120,1,GC_A.natalis_120_1,0.3579,6794,6.328455624,4157,21.52869559,
16.90754072,-89.00908337,fish,AR,L.cyanellus,,120,1,AR_L.cyanellus_120_1,0.3849,7167,6.2498691,4973,24.76628652,
10.89247931,-88.47963744,fish,GC,L.auritus,,120,3,GC_L.auritus_120_3,0.3743,6767,6.117067249,4712,22.90729672,
19.2931381,-88.39052853,fish,AR,H.cyanoguttatus,invertivore_herbivore_detrititivore,120,1,AR_H.cyanoguttatus_120_1,0.3633,6974,6.237095257,5050,27.49561011,
12.3355454,-87.8555722,fish,GC,L.microlophus,,160,1,GC_L.microlophus_160_1,0.3751,6561,5.864296791,4607,22.43558293,
11.89603289,-87.78220126,fish,GC,L.macrochirus,,80,4,GC_L.macrochirus_80_4,0.3929,6899,5.87513504,4810,22.34376322,
14.3380743,-87.6428789,fish,GC,L.macrochirus,,160,2,GC_L.macrochirus_160_2,0.3562,6138,5.785851061,4268,21.82416668,
13.80259801,-87.34820204,fish,AR,A.natalis,Piscivore_invertivore_herbivore,80,2,AR_A.natalis_80_2,0.3647,6373,5.625224643,4074,22.32761245,
14.27031612,-87.32960969,fish,GC,A.natalis,Piscivore_invertivore_herbivore,200,2,GC_A.natalis_200_2,0.3928,9987,8.373904257,6527,30.67084275,
13.06440365,-87.32301455,fish,GC,L.auritus,,160,1,GC_L.auritus_160_1,0.3631,6002,5.653807439,4500,22.48737684,
14.3044073,-86.96335431,fish,AR,L.cyanellus,,120,3,AR_L.cyanellus_120_3,0.3529,6240,5.671346728,4031,22.32652871,
11.06645302,-86.49202676,fish,GC,P.latipinna,,40,1,GC_P.latipinna_40_1,0.3541,6039,5.828896811,4433,22.74985348,
13.51276669,-86.47264611,fish,GC,L.megalotis,,80,3,GC_L.megalotis_80_3,0.4044,7574,6.035740386,4495,21.57314687,
15.45952797,-86.34752832,fish,GC,L.oculatus,,400,1,GC_L.oculatus_400_1,0.3831,6822,5.973809252,4669,23.3257212,
12.11487349,-86.20266493,fish,GC,A.natalis,Piscivore_invertivore_herbivore,120,1,GC_A.natalis_120_1,0.3715,6514,5.928247143,4482,22.20555229,
12.93416225,-86.17891713,fish,GC,E.gracile,invertivore,80,1,GC_E.gracile_80_1,0.3546,5461,4.973465882,3632,21.02321773,
13.63485427,-85.31149648,fish,GC,A.natalis,Piscivore_invertivore_herbivore,160,3,GC_A.natalis_160_3,0.3305,6033,6.124755057,3992,22.12967515,
12.69081802,-85.14826673,fish,GC,A.natalis,Piscivore_invertivore_herbivore,160,4,GC_A.natalis_160_4,0.3797,7028,6.173331652,4612,22.29926319,
14.26299091,-84.5571772,fish,GC,L.gulosus,,80,1,GC_L.gulosus_80_1,0.344,6063,6.031321523,4325,22.6992836,
11.6094341,-84.16723947,fish,GC,P.latipinna,,40,3,GC_P.latipinna_40_3,0.357,6191,5.879462725,4464,22.89740407,
15.72437002,-83.75586754,fish,GC,L.gulosus,,120,2,GC_L.gulosus_120_2,0.3557,5926,5.698148278,4367,22.28495042,
11.27155886,-83.72206744,fish,GC,L.cyanellus,,160,1,GC_L.cyanellus_160_1,0.3819,6975,6.110570956,4734,22.61503557,
12.1167048,-83.29668083,fish,GC,L.macrochirus,,120,1,GC_L.macrochirus_120_1,0.3831,6901,6.049015561,4818,22.82241435,
17.70483608,-86.21591792,Terrestrial primary producer,AR,leaf,,NA,1,AR_leaf_NA_1,0.354,6051,5.799157624,7321,39.35209473,
19.10769097,-62.07614906,Terrestrial primary producer,AR,leaf,,NA,2,AR_leaf_NA_2,0.3693,6670,5.845265077,7881,40.38881479,
19.37419638,-100.727357,Terrestrial primary producer,AR,leaf,,NA,3,AR_leaf_NA_3,0.3937,6558,5.44625369,7691,38.01213696,
19.29646563,-95.23954023,Terrestrial primary producer,GC,leaf,,NA,1,GC_leaf_NA_1,0.351,4211,4.169948921,5010,30.4288205,
21.90821869,-58.46947332,Terrestrial primary producer,GC,leaf,,NA,2,GC_leaf_NA_2,0.3938,7116,6.024260722,8092,40.47307135,
15.91628863,-92.56727236,Terrestrial primary producer,GC,leaf,,NA,3,GC_leaf_NA_3,0.3988,7261,6.109421006,7786,38.37402633,
18.95222947,-95.24031055,Terrestrial primary producer,SFC,leaf,,NA,1,SFC_leaf_NA_1,0.4088,7136,5.863225367,7610,37.10911677,
20.19962287,-98.12904059,Terrestrial primary producer,SFC,leaf,,NA,2,SFC_leaf_NA_2,0.3925,6184,5.295461512,7478,37.38856805,
17.90767631,-89.52293606,Terrestrial primary producer,SFC,leaf,,NA,3,SFC_leaf_NA_3,0.3506,6344,6.018304764,6843,37.3150882,
16.14152934,-111.4357709,invertebrate,AR,Leptophlebiidae,,NA,1,AR_Leptophlebiidae_NA_1,0.3916,7030,5.844300227,4627,24.48183891,
19.02824323,-110.4155492,invertebrate,GC,Leptophlebiidae,,NA,1,GC_Leptophlebiidae_NA_1,0.0801,1180,5.080197415,936,23.45020679,
17.9568941,-82.94297169,fish,SFC,H.cyanoguttatus,invertivore_herbivore_detrititivore,200,1,SFC_H.cyanoguttatus_200_1,0.3598,6441,5.823095712,4131,22.67412182,
12.51834461,-82.2194562,fish,GC,L.auritus,,120,1,GC_L.auritus_120_1,0.3831,8682,7.370696645,5847,28.20872182,
17.95571883,-82.17014658,fish,AR,L.cyanellus,,120,2,AR_L.cyanellus_120_2,0.3637,6502,5.79858655,4191,22.16254525,
13.74629594,-81.39197625,fish,GC,A.natalis,Piscivore_invertivore_herbivore,120,2,GC_A.natalis_120_2,0.3537,13340,11.95397912,9861,49.52004822,
16.66169084,-84.56031034,invertebrate,AR,Nepidae,,NA,1,AR_Nepidae_NA_1,0.3591,6400,5.805887259,5494,27.19838892,
15.86790419,-90.65150855,invertebrate,AR,Nepidae,,NA,2,AR_Nepidae_NA_2,0.3564,6503,6.156979367,5306,26.30248851,
17.82698439,-79.37001289,invertebrate,SFC,Nepidae,,NA,1,SFC_Nepidae_NA_1,0.3585,6349,5.861055303,5208,28.02383124,
18.47795751,-79.1951813,invertebrate,SFC,Nepidae,,NA,2,SFC_Nepidae_NA_2,0.3871,7246,5.995867723,4954,25.31058109,
17.11787012,-107.0584169,invertebrate,SFC,Nepidae,,NA,3,SFC_Nepidae_NA_3,0.39,7222,6.047121574,5333,26.49957377,
13.15139051,-81.22333331,fish,GC,L.gulosus,,80,2,GC_L.gulosus_80_2,0.3611,6729,6.323587508,4839,24.33399321,
11.92350242,-81.06092796,fish,GC,P.latipinna,,40,2,GC_P.latipinna_40_2,0.3517,6595,6.325984956,4654,24.11526791,
12.3337141,-80.73694164,fish,GC,L.auritus,,160,2,GC_L.auritus_160_2,0.3629,6435,6.001523891,4619,23.16786651,
11.72114353,-80.58195582,fish,GC,L.gulosus,,80,3,GC_L.gulosus_80_3,0.3995,7013,5.959269136,5000,22.62909437,
12.52142257,-80.32062335,fish,GC,A.natalis,Piscivore_invertivore_herbivore,160,2,GC_A.natalis_160_2,0.3765,6904,6.13892111,4589,22.31738215,
12.29708806,-80.18294978,fish,GC,L.gulosus,,120,1,GC_L.gulosus_120_1,0.3965,6447,5.54951937,4576,20.84649741,
11.94364674,-79.97767601,fish,GC,L.macrochirus,,80,1,GC_L.macrochirus_80_1,0.3849,5609,4.927246708,4280,20.56596637,
11.27339016,-78.04200206,fish,GC,L.macrochirus,,80,3,GC_L.macrochirus_80_3,0.3865,6538,5.767128071,4838,22.68985742,
16.7936912,-77.04111657,fish,GC,L.megalotis,,80,1,GC_L.megalotis_80_1,0.3502,5961,5.540928614,3661,20.77677726,
11.2257763,-76.91258413,fish,GC,L.macrochirus,,160,1,GC_L.macrochirus_160_1,0.34,5759,5.78252932,4268,22.66718887,
15.23373866,-75.83777813,fish,SFC,L.cyanellus,,80,2,SFC_L.cyanellus_80_2,0.3932,7334,6.322653103,4985,24.05986404,
11.87588856,-74.84253417,fish,GC,L.auritus,,80,3,GC_L.auritus_80_3,0.3784,5939,5.332132969,4446,21.54041181,
16.17029209,-72.68922056,fish,GC,A.natalis,Piscivore_invertivore_herbivore,160,6,GC_A.natalis_160_6,0.3581,6745,6.270719935,4207,21.73953297,
15.49535562,-72.21214142,fish,GC,L.oculatus,,580,1,GC_L.oculatus_580_1,0.398,7031,5.729919046,4580,22.33457053,
12.19453514,-57.9523775,fish,GC,L.macrochirus,,80,2,GC_L.macrochirus_80_2,0.3428,5194,5.190041075,4039,21.64891067,
14.32755847,-92.47439726,invertebrate,AR,Palaemonidae,,NA,1,AR_Palaemonidae_NA_1,0.3533,6440,5.942676098,4702,23.17868429,
13.89887736,-104.7015013,invertebrate,AR,Palaemonidae,,NA,2,AR_Palaemonidae_NA_2,0.3502,6592,6.230764146,4780,23.80908537,
14.62091441,-93.92275445,invertebrate,GC,Palaemonidae,,NA,3,GC_Palaemonidae_NA_3,0.3813,6707,5.739775478,5255,25.1347575,
21.77801147,-126.2424685,Aquatic primary producer,AR,periphyton,,NA,1,AR_periphyton_NA_1,0.402,671,0.584130607,5357,27.09262382,
18.38277287,-139.9614494,Aquatic primary producer,AR,periphyton,,NA,2,AR_periphyton_NA_2,0.3944,1444,1.32737694,4516,20.79294308,
8.76450622,-130.3093207,Aquatic primary producer,AR,periphyton,,NA,3,AR_periphyton_NA_3,0.4039,1339,1.223602219,2574,12.51906621,
16.33236233,-141.8326812,Aquatic primary producer,AR,periphyton,,NA,4,AR_periphyton_NA_4,0.3621,1079,1.106448015,3997,21.45364921,
16.77697642,-122.252391,Aquatic primary producer,AR,periphyton,,NA,5,AR_periphyton_NA_5,0.3983,1147,1.003489733,3095,16.01136982,
12.94501769,-120.8949188,Aquatic primary producer,GC,periphyton,,NA,1,GC_periphyton_NA_1,0.3444,2845,2.648847237,3106,19.68709574,
9.274523867,-116.3729629,Aquatic primary producer,GC,periphyton,,NA,2,GC_periphyton_NA_2,0.361,3352,3.198180213,4005,22.9046513,
11.45485004,-119.4018629,Aquatic primary producer,GC,periphyton,,NA,3,GC_periphyton_NA_3,0.3645,2256,2.133294248,3191,16.84282238,
10.46216042,-127.576013,Aquatic primary producer,GC,periphyton,,NA,4,GC_periphyton_NA_4,0.388,1240,1.143112878,1591,8.770986867,
9.982322146,-127.372834,Aquatic primary producer,GC,periphyton,,NA,5,GC_periphyton_NA_5,0.3733,3063,2.825397964,3666,21.1710592,
9.14907967,-122.7850889,Aquatic primary producer,GC,periphyton,,NA,6,GC_periphyton_NA_6,0.3863,2744,2.509038922,3769,19.87755307,
12.35464838,-97.22233,Aquatic primary producer,SFC,periphyton,,NA,1,SFC_periphyton_NA_1,0.3799,828,0.733924133,1423,7.748517108,
14.40048264,-119.2297552,Aquatic primary producer,SFC,periphyton,,NA,2,SFC_periphyton_NA_2,0.3876,605,0.554383308,979,5.35623495,
11.36792957,-113.2063853,Aquatic primary producer,SFC,periphyton,,NA,3,SFC_periphyton_NA_3,0.4082,1725,1.528727298,2583,13.78955359,
12.10211195,-99.16138621,Aquatic primary producer,SFC,periphyton,,NA,4,SFC_periphyton_NA_4,0.3654,1017,0.997165976,1200,7.164475304,
16.21751747,-113.7758389,Aquatic primary producer,SFC,periphyton,,NA,6,SFC_periphyton_NA_6,0.374,565,0.539460112,915,5.302323249,
9.668776113,-112.3333428,Aquatic primary producer,SFC,periphyton,,NA,7,SFC_periphyton_NA_7,0.3678,1145,1.090691451,1694,9.492519456,
13.26734097,-117.703168,Aquatic primary producer,SFC,periphyton,,NA,8,SFC_periphyton_NA_8,0.3749,1665,1.553886998,2456,14.06903047,
14.06028905,-133.6106001,invertebrate,AR,Thiaridae,,NA,1,AR_Thiaridae_NA_1,0.3551,6180,5.625219209,4489,26.06471502,
16.81944587,-94.89751459,invertebrate,SFC,Thiaridae,,NA,1,SFC_Thiaridae_NA_1,0.3787,5487,4.952831967,5883,30.46213151,
17.20854262,-100.8327908,invertebrate,AR,Veliidae,,NA,1,AR_Veliidae_NA_1,0.3702,6963,6.056270398,4672,24.74394427,
