site,date,stream_area,order,family,genus,species,abun,total_abun
AR,2017-11-01,222.1875,Anguilliformes,Anguillidae,Anguilla,rostrata,8,521
AR,2017-11-01,222.1875,Centrachiformes,Centrarchidae,Lepomis,auritus,4,521
AR,2017-11-01,222.1875,Centrachiformes,Centrarchidae,Lepomis,cyanellus,4,521
AR,2017-11-01,222.1875,Centrachiformes,Centrarchidae,Lepomis,macrochirus,53,521
AR,2017-11-01,222.1875,Centrachiformes,Centrarchidae,Lepomis,megalotis,110,521
AR,2017-11-01,222.1875,Centrachiformes,Centrarchidae,Micropterus,salmoides,4,521
AR,2017-11-01,222.1875,Cichliformes,Cichlidae,Herichthys,cyanoguttatum,76,521
AR,2017-11-01,222.1875,Cyprinidontiformes,Poeciliidae,Gambusia,affinis,38,521
AR,2017-11-01,222.1875,Cypriniformes,Leuciscidae,Cyprinella,lutrensis,223,521
AR,2017-11-01,222.1875,Lepisosteiformes,Lepisosteidae,Lepisosteus,oculatus,4,521
AR,2017-12-07,262.5,Centrachiformes,Centrarchidae,Lepomis,cyanellus,3,219
AR,2017-12-07,262.5,Centrachiformes,Centrarchidae,Lepomis,macrochirus,23,219
AR,2017-12-07,262.5,Centrachiformes,Centrarchidae,Lepomis,megalotis,52,219
AR,2017-12-07,262.5,Cichliformes,Cichlidae,Herichthys,cyanoguttatum,10,219
AR,2017-12-07,262.5,Cyprinidontiformes,Poeciliidae,Gambusia,affinis,30,219
AR,2017-12-07,262.5,Cypriniformes,Leuciscidae,Cyprinella,lutrensis,104,219
AR,2018-02-03,241.31249999999997,Centrachiformes,Centrarchidae,Lepomis,macrochirus,4,127
AR,2018-02-03,241.31249999999997,Centrachiformes,Centrarchidae,Lepomis,megalotis,28,127
AR,2018-02-03,241.31249999999997,Cichliformes,Cichlidae,Herichthys,cyanoguttatum,6,127
AR,2018-02-03,241.31249999999997,Cyprinidontiformes,Poeciliidae,Gambusia,affinis,24,127
AR,2018-02-03,241.31249999999997,Cypriniformes,Leuciscidae,Cyprinella,lutrensis,68,127
AR,2018-04-07,308.4375,Centrachiformes,Centrarchidae,Lepomis,macrochirus,11,144
AR,2018-04-07,308.4375,Cichliformes,Cichlidae,Herichthys,cyanoguttatum,4,144
AR,2018-04-07,308.4375,Cyprinidontiformes,Poeciliidae,Gambusia,affinis,8,144
AR,2018-04-07,308.4375,Cypriniformes,Leuciscidae,Cyprinella,lutrensis,123,144
AR,2018-05-12,270,Centrachiformes,Centrarchidae,Lepomis,cyanellus,5,287
AR,2018-05-12,270,Centrachiformes,Centrarchidae,Lepomis,macrochirus,50,287
AR,2018-05-12,270,Centrachiformes,Centrarchidae,Lepomis,megalotis,121,287
AR,2018-05-12,270,Centrachiformes,Centrarchidae,Micropterus,salmoides,5,287
AR,2018-05-12,270,Cichliformes,Cichlidae,Herichthys,cyanoguttatum,7,287
AR,2018-05-12,270,Cypriniformes,Leuciscidae,Cyprinella,lutrensis,103,287
AR,2018-06-08,244.21875,Centrachiformes,Centrarchidae,Lepomis,gulosus,4,141
AR,2018-06-08,244.21875,Centrachiformes,Centrarchidae,Lepomis,macrochirus,23,141
AR,2018-06-08,244.21875,Centrachiformes,Centrarchidae,Lepomis,megalotis,30,141
AR,2018-06-08,244.21875,Cichliformes,Cichlidae,Herichthys,cyanoguttatum,4,141
AR,2018-06-08,244.21875,Cyprinidontiformes,Poeciliidae,Gambusia,affinis,19,141
AR,2018-06-08,244.21875,Cypriniformes,Leuciscidae,Cyprinella,lutrensis,52,141
AR,2018-06-08,244.21875,Lepisosteiformes,Lepisosteidae,Lepisosteus,oculatus,4,141
AR,2018-06-08,244.21875,Siluriformes,Ictaluridae,Ameiurus,melas,4,141
AR,2018-06-08,244.21875,Siluriformes,Ictaluridae,Ameiurus,natalis,4,141
AR,2018-07-01,245.625,Centrachiformes,Centrarchidae,Lepomis,megalotis,3,15
AR,2018-07-01,245.625,Cyprinidontiformes,Poeciliidae,Gambusia,affinis,8,15
AR,2018-07-01,245.625,Cypriniformes,Leuciscidae,Cyprinella,lutrensis,1,15
AR,2018-07-01,245.625,Cypriniformes,Leuciscidae,Notropis,texanus,2,15
AR,2018-07-01,245.625,Siluriformes,Ictaluridae,Ictalurus,punctatus,1,15
AR,2018-08-01,273.75,Centrachiformes,Centrarchidae,Lepomis,cyanellus,1,5
AR,2018-08-01,273.75,Centrachiformes,Centrarchidae,Lepomis,gulosus,1,5
AR,2018-08-01,273.75,Centrachiformes,Centrarchidae,Lepomis,megalotis,2,5
AR,2018-08-01,273.75,Centrachiformes,Centrarchidae,Micropterus,salmoides,1,5
AR,2018-09-11,240.75,Centrachiformes,Centrarchidae,Lepomis,cyanellus,3,214
AR,2018-09-11,240.75,Centrachiformes,Centrarchidae,Lepomis,gulosus,3,214
AR,2018-09-11,240.75,Centrachiformes,Centrarchidae,Lepomis,macrochirus,68,214
AR,2018-09-11,240.75,Centrachiformes,Centrarchidae,Lepomis,megalotis,63,214
AR,2018-09-11,240.75,Centrachiformes,Centrarchidae,Micropterus,salmoides,3,214
AR,2018-09-11,240.75,Cichliformes,Cichlidae,Herichthys,cyanoguttatum,25,214
AR,2018-09-11,240.75,Cyprinidontiformes,Poeciliidae,Gambusia,affinis,8,214
AR,2018-09-11,240.75,Cypriniformes,Leuciscidae,Cyprinella,lutrensis,25,214
AR,2018-09-11,240.75,Lepisosteiformes,Lepisosteidae,Lepisosteus,oculatus,5,214
AR,2018-09-11,240.75,Siluriformes,Ictaluridae,Ameiurus,natalis,3,214
AR,2018-09-11,240.75,Siluriformes,Ictaluridae,Ictalurus,punctatus,13,214
EMC,2017-10-10,401.53125,Centrachiformes,Centrarchidae,Lepomis,cyanellus,6,192
EMC,2017-10-10,401.53125,Centrachiformes,Centrarchidae,Lepomis,gulosus,4,192
EMC,2017-10-10,401.53125,Centrachiformes,Centrarchidae,Lepomis,macrochirus,9,192
EMC,2017-10-10,401.53125,Centrachiformes,Centrarchidae,Lepomis,megalotis,57,192
EMC,2017-10-10,401.53125,Clupeiformes,Clupeidae,Dorosoma,cepedianum,9,192
EMC,2017-10-10,401.53125,Cyprinidontiformes,Poeciliidae,Gambusia,affinis,72,192
EMC,2017-10-10,401.53125,Cypriniformes,Catostomidae,Ictiobus,bubalus,2,192
EMC,2017-10-10,401.53125,Cypriniformes,Leuciscidae,Cyprinella,lutrensis,2,192
EMC,2017-10-10,401.53125,Cypriniformes,Leuciscidae,Notropis,texanus,3,192
EMC,2017-10-10,401.53125,Cypriniformes,Leuciscidae,Pimephales,vigilax,31,192
EMC,2017-10-10,401.53125,Perciformes,Pecidae,Etheostoma,gracile,3,192
EMC,2017-11-03,339.375,Centrachiformes,Centrarchidae,Lepomis,auritus,6,569
EMC,2017-11-03,339.375,Centrachiformes,Centrarchidae,Lepomis,gulosus,18,569
EMC,2017-11-03,339.375,Centrachiformes,Centrarchidae,Lepomis,macrochirus,20,569
EMC,2017-11-03,339.375,Centrachiformes,Centrarchidae,Lepomis,megalotis,172,569
EMC,2017-11-03,339.375,Centrachiformes,Centrarchidae,Lepomis,miniatus,2,569
EMC,2017-11-03,339.375,Clupeiformes,Clupeidae,Dorosoma,cepedianum,20,569
EMC,2017-11-03,339.375,Cyprinidontiformes,Poeciliidae,Gambusia,affinis,249,569
EMC,2017-11-03,339.375,Cypriniformes,Leuciscidae,Cyprinella,lutrensis,2,569
EMC,2017-11-03,339.375,Cypriniformes,Leuciscidae,Pimephales,vigilax,59,569
EMC,2017-11-03,339.375,Lepisosteiformes,Lepisosteidae,Lepisosteus,oculatus,2,569
EMC,2017-11-03,339.375,Perciformes,Pecidae,Etheostoma,gracile,8,569
EMC,2017-11-03,339.375,Siluriformes,Ictaluridae,Ameiurus,natalis,2,569
EMC,2017-11-03,339.375,Siluriformes,Ictaluridae,Ictalurus,punctatus,4,569
EMC,2017-11-03,339.375,Siluriformes,Ictaluridae,Noturus,gyrinus,9,569
EMC,2017-11-03,339.375,Siluriformes,Ictaluridae,Pylodictis,olivaris,2,569
EMC,2017-12-02,429.5625,Centrachiformes,Centrarchidae,Lepomis,cyanellus,9,829
EMC,2017-12-02,429.5625,Centrachiformes,Centrarchidae,Lepomis,gulosus,20,829
EMC,2017-12-02,429.5625,Centrachiformes,Centrarchidae,Lepomis,humilis,2,829
EMC,2017-12-02,429.5625,Centrachiformes,Centrarchidae,Lepomis,macrochirus,19,829
EMC,2017-12-02,429.5625,Centrachiformes,Centrarchidae,Lepomis,megalotis,240,829
EMC,2017-12-02,429.5625,Centrachiformes,Centrarchidae,Micropterus,salmoides,2,829
EMC,2017-12-02,429.5625,Centrarchiformes,Centrarchidae,Pomoxis,annularis,3,829
EMC,2017-12-02,429.5625,Clupeiformes,Clupeidae,Dorosoma,cepedianum,9,829
EMC,2017-12-02,429.5625,Cyprinidontiformes,Poeciliidae,Gambusia,affinis,478,829
EMC,2017-12-02,429.5625,Cypriniformes,Leuciscidae,Notropis,texanus,9,829
EMC,2017-12-02,429.5625,Cypriniformes,Leuciscidae,Pimephales,vigilax,28,829
EMC,2017-12-02,429.5625,Perciformes,Pecidae,Etheostoma,gracile,9,829
EMC,2017-12-02,429.5625,Percopsiformes,Aphredoderidae,Aphredoderus,sayanus,2,829
EMC,2017-12-02,429.5625,Siluriformes,Ictaluridae,Ictalurus,punctatus,2,829
EMC,2017-12-02,429.5625,Siluriformes,Ictaluridae,Noturus,gyrinus,7,829
EMC,2018-02-09,413.0625,Centrachiformes,Centrarchidae,Lepomis,cyanellus,6,623
EMC,2018-02-09,413.0625,Centrachiformes,Centrarchidae,Lepomis,gulosus,14,623
EMC,2018-02-09,413.0625,Centrachiformes,Centrarchidae,Lepomis,humilis,3,623
EMC,2018-02-09,413.0625,Centrachiformes,Centrarchidae,Lepomis,macrochirus,43,623
EMC,2018-02-09,413.0625,Centrachiformes,Centrarchidae,Lepomis,megalotis,272,623
EMC,2018-02-09,413.0625,Centrarchiformes,Centrarchidae,Pomoxis,annularis,2,623
EMC,2018-02-09,413.0625,Clupeiformes,Clupeidae,Dorosoma,cepedianum,6,623
EMC,2018-02-09,413.0625,Cyprinidontiformes,Poeciliidae,Gambusia,affinis,196,623
EMC,2018-02-09,413.0625,Cypriniformes,Leuciscidae,Pimephales,vigilax,51,623
EMC,2018-02-09,413.0625,Lepisosteiformes,Lepisosteidae,Lepisosteus,oculatus,3,623
EMC,2018-02-09,413.0625,Perciformes,Pecidae,Etheostoma,gracile,19,623
EMC,2018-02-09,413.0625,Siluriformes,Ictaluridae,Noturus,gyrinus,15,623
EMC,2018-03-31,532.5,Centrachiformes,Centrarchidae,Lepomis,macrochirus,4,373
EMC,2018-03-31,532.5,Centrachiformes,Centrarchidae,Lepomis,megalotis,40,373
EMC,2018-03-31,532.5,Cyprinidontiformes,Poeciliidae,Gambusia,affinis,179,373
EMC,2018-03-31,532.5,Cypriniformes,Leuciscidae,Cyprinella,lutrensis,67,373
EMC,2018-03-31,532.5,Cypriniformes,Leuciscidae,Notropis,texanus,2,373
EMC,2018-03-31,532.5,Cypriniformes,Leuciscidae,Pimephales,vigilax,79,373
EMC,2018-03-31,532.5,Siluriformes,Ictaluridae,Noturus,gyrinus,4,373
EMC,2018-05-04,368.4375,Centrachiformes,Centrarchidae,Lepomis,cyanellus,5,344
EMC,2018-05-04,368.4375,Centrachiformes,Centrarchidae,Lepomis,gulosus,5,344
EMC,2018-05-04,368.4375,Centrachiformes,Centrarchidae,Lepomis,macrochirus,35,344
EMC,2018-05-04,368.4375,Centrachiformes,Centrarchidae,Lepomis,megalotis,115,344
EMC,2018-05-04,368.4375,Clupeiformes,Clupeidae,Dorosoma,cepedianum,7,344
EMC,2018-05-04,368.4375,Cyprinidontiformes,Poeciliidae,Gambusia,affinis,115,344
EMC,2018-05-04,368.4375,Cypriniformes,Leuciscidae,Cyprinella,lutrensis,27,344
EMC,2018-05-04,368.4375,Cypriniformes,Leuciscidae,Cyprinella,venusta,3,344
EMC,2018-05-04,368.4375,Cypriniformes,Leuciscidae,Pimephales,vigilax,29,344
EMC,2018-05-04,368.4375,Lepisosteiformes,Lepisosteidae,Lepisosteus,oculatus,9,344
EMC,2018-05-04,368.4375,Siluriformes,Ictaluridae,Noturus,gyrinus,3,344
EMC,2018-06-04,435,Centrachiformes,Centrarchidae,Lepomis,cyanellus,5,124
EMC,2018-06-04,435,Centrachiformes,Centrarchidae,Lepomis,megalotis,33,124
EMC,2018-06-04,435,Centrarchiformes,Centrarchidae,Pomoxis,annularis,5,124
EMC,2018-06-04,435,Clupeiformes,Clupeidae,Dorosoma,cepedianum,33,124
EMC,2018-06-04,435,Cyprinidontiformes,Poeciliidae,Gambusia,affinis,33,124
EMC,2018-06-04,435,Cypriniformes,Leuciscidae,Cyprinella,lutrensis,5,124
EMC,2018-06-04,435,Lepisosteiformes,Lepisosteidae,Lepisosteus,oculatus,14,124
EMC,2018-07-05,388.125,Centrachiformes,Centrarchidae,Lepomis,megalotis,5,10
EMC,2018-07-05,388.125,Cypriniformes,Leuciscidae,Cyprinella,lutrensis,2,10
EMC,2018-07-05,388.125,Cypriniformes,Leuciscidae,Notropis,texanus,2,10
EMC,2018-07-05,388.125,Cypriniformes,Leuciscidae,Pimephales,vigilax,2,10
EMC,2018-07-05,388.125,Lepisosteiformes,Lepisosteidae,Lepisosteus,oculatus,2,10
EMC,2018-07-05,388.125,Siluriformes,Ictaluridae,Ameiurus,natalis,2,10
EMC,2018-09-01,379.3125,Centrachiformes,Centrarchidae,Lepomis,auritus,2,38
EMC,2018-09-01,379.3125,Centrachiformes,Centrarchidae,Lepomis,cyanellus,2,38
EMC,2018-09-01,379.3125,Centrachiformes,Centrarchidae,Lepomis,macrochirus,7,38
EMC,2018-09-01,379.3125,Centrachiformes,Centrarchidae,Lepomis,megalotis,5,38
EMC,2018-09-01,379.3125,Centrarchiformes,Centrarchidae,Pomoxis,annularis,2,38
EMC,2018-09-01,379.3125,Clupeiformes,Clupeidae,Dorosoma,cepedianum,2,38
EMC,2018-09-01,379.3125,Cyprinidontiformes,Poeciliidae,Gambusia,affinis,18,38
EMC,2018-09-01,379.3125,Lepisosteiformes,Lepisosteidae,Lepisosteus,oculatus,5,38
EMC,2018-09-01,379.3125,Siluriformes,Ictaluridae,Ictalurus,punctatus,2,38
GC,2017-10-03,678.75,Centrachiformes,Centrarchidae,Lepomis,auritus,6,31
GC,2017-10-03,678.75,Centrachiformes,Centrarchidae,Lepomis,cyanellus,4,31
GC,2017-10-03,678.75,Centrachiformes,Centrarchidae,Lepomis,macrochirus,1,31
GC,2017-10-03,678.75,Cyprinidontiformes,Poeciliidae,Gambusia,affinis,4,31
GC,2017-10-03,678.75,Cypriniformes,Leuciscidae,Notropis,texanus,16,31
GC,2017-11-04,395.625,Centrachiformes,Centrarchidae,Lepomis,auritus,2,231
GC,2017-11-04,395.625,Centrachiformes,Centrarchidae,Lepomis,gulosus,4,231
GC,2017-11-04,395.625,Centrachiformes,Centrarchidae,Lepomis,macrochirus,24,231
GC,2017-11-04,395.625,Centrachiformes,Centrarchidae,Lepomis,megalotis,104,231
GC,2017-11-04,395.625,Centrachiformes,Centrarchidae,Micropterus,salmoides,2,231
GC,2017-11-04,395.625,Cyprinidontiformes,Fundulidae,Fundulus,chrysotus,3,231
GC,2017-11-04,395.625,Cyprinidontiformes,Poeciliidae,Gambusia,affinis,87,231
GC,2017-11-04,395.625,Cypriniformes,Leuciscidae,Notropis,texanus,4,231
GC,2017-11-04,395.625,Cypriniformes,Leuciscidae,Pimephales,vigilax,3,231
GC,2017-11-04,395.625,Perciformes,Pecidae,Etheostoma,gracile,3,231
GC,2017-11-04,395.625,Siluriformes,Ictaluridae,Noturus,gyrinus,2,231
GC,2017-12-03,410.625,Centrachiformes,Centrarchidae,Lepomis,auritus,6,236
GC,2017-12-03,410.625,Centrachiformes,Centrarchidae,Lepomis,cyanellus,13,236
GC,2017-12-03,410.625,Centrachiformes,Centrarchidae,Lepomis,gulosus,9,236
GC,2017-12-03,410.625,Centrachiformes,Centrarchidae,Lepomis,macrochirus,23,236
GC,2017-12-03,410.625,Centrachiformes,Centrarchidae,Lepomis,megalotis,44,236
GC,2017-12-03,410.625,Centrachiformes,Centrarchidae,Lepomis,microlophus,4,236
GC,2017-12-03,410.625,Centrachiformes,Centrarchidae,Lepomis,miniatus,4,236
GC,2017-12-03,410.625,Cyprinidontiformes,Fundulidae,Fundulus,chrysotus,6,236
GC,2017-12-03,410.625,Cyprinidontiformes,Poeciliidae,Gambusia,affinis,112,236
GC,2017-12-03,410.625,Cypriniformes,Leuciscidae,Notropis,texanus,7,236
GC,2017-12-03,410.625,Lepisosteiformes,Lepisosteidae,Lepisosteus,oculatus,4,236
GC,2017-12-03,410.625,Perciformes,Pecidae,Etheostoma,gracile,7,236
GC,2017-12-03,410.625,Siluriformes,Ictaluridae,Ameiurus,natalis,4,236
GC,2018-02-11,387.1875,Centrachiformes,Centrarchidae,Lepomis,auritus,17,190
GC,2018-02-11,387.1875,Centrachiformes,Centrarchidae,Lepomis,cyanellus,3,190
GC,2018-02-11,387.1875,Centrachiformes,Centrarchidae,Lepomis,gulosus,2,190
GC,2018-02-11,387.1875,Centrachiformes,Centrarchidae,Lepomis,macrochirus,7,190
GC,2018-02-11,387.1875,Centrachiformes,Centrarchidae,Lepomis,megalotis,11,190
GC,2018-02-11,387.1875,Centrachiformes,Centrarchidae,Lepomis,miniatus,3,190
GC,2018-02-11,387.1875,Centrachiformes,Centrarchidae,Micropterus,salmoides,3,190
GC,2018-02-11,387.1875,Cyprinidontiformes,Fundulidae,Fundulus,chrysotus,4,190
GC,2018-02-11,387.1875,Cyprinidontiformes,Poeciliidae,Gambusia,affinis,127,190
GC,2018-02-11,387.1875,Cypriniformes,Leuciscidae,Notropis,texanus,14,190
GC,2018-02-11,387.1875,Lepisosteiformes,Lepisosteidae,Lepisosteus,oculatus,4,190
GC,2018-02-11,387.1875,Perciformes,Pecidae,Etheostoma,gracile,2,190
GC,2018-02-11,387.1875,Siluriformes,Ictaluridae,Noturus,gyrinus,2,190
GC,2018-03-30,453.75,Centrachiformes,Centrarchidae,Lepomis,auritus,6,186
GC,2018-03-30,453.75,Centrachiformes,Centrarchidae,Lepomis,cyanellus,6,186
GC,2018-03-30,453.75,Centrachiformes,Centrarchidae,Lepomis,gulosus,2,186
GC,2018-03-30,453.75,Centrachiformes,Centrarchidae,Lepomis,macrochirus,6,186
GC,2018-03-30,453.75,Centrachiformes,Centrarchidae,Lepomis,megalotis,24,186
GC,2018-03-30,453.75,Centrachiformes,Centrarchidae,Micropterus,salmoides,3,186
GC,2018-03-30,453.75,Cyprinidontiformes,Fundulidae,Fundulus,chrysotus,4,186
GC,2018-03-30,453.75,Cyprinidontiformes,Poeciliidae,Gambusia,affinis,137,186
GC,2018-03-30,453.75,Cypriniformes,Leuciscidae,Notropis,texanus,3,186
GC,2018-05-04,380.625,Centrachiformes,Centrarchidae,Lepomis,cyanellus,3,152
GC,2018-05-04,380.625,Centrachiformes,Centrarchidae,Lepomis,gulosus,6,152
GC,2018-05-04,380.625,Centrachiformes,Centrarchidae,Lepomis,macrochirus,10,152
GC,2018-05-04,380.625,Centrachiformes,Centrarchidae,Lepomis,megalotis,27,152
GC,2018-05-04,380.625,Centrachiformes,Centrarchidae,Lepomis,miniatus,2,152
GC,2018-05-04,380.625,Cyprinidontiformes,Fundulidae,Fundulus,grandis,25,152
GC,2018-05-04,380.625,Cyprinidontiformes,Poeciliidae,Gambusia,affinis,71,152
GC,2018-05-04,380.625,Cypriniformes,Leuciscidae,Notropis,texanus,7,152
GC,2018-05-04,380.625,Lepisosteiformes,Lepisosteidae,Lepisosteus,oculatus,6,152
GC,2018-06-06,449.0625,Centrachiformes,Centrarchidae,Lepomis,auritus,7,99
GC,2018-06-06,449.0625,Centrachiformes,Centrarchidae,Lepomis,cyanellus,2,99
GC,2018-06-06,449.0625,Centrachiformes,Centrarchidae,Lepomis,macrochirus,10,99
GC,2018-06-06,449.0625,Centrachiformes,Centrarchidae,Lepomis,megalotis,8,99
GC,2018-06-06,449.0625,Centrachiformes,Centrarchidae,Lepomis,microlophus,2,99
GC,2018-06-06,449.0625,Centrachiformes,Centrarchidae,Micropterus,salmoides,3,99
GC,2018-06-06,449.0625,Cyprinidontiformes,Poeciliidae,Gambusia,affinis,51,99
GC,2018-06-06,449.0625,Lepisosteiformes,Lepisosteidae,Lepisosteus,oculatus,2,99
GC,2018-06-06,449.0625,Siluriformes,Ictaluridae,Noturus,gyrinus,20,99
GC,2018-07-05,478.125,Centrachiformes,Centrarchidae,Lepomis,macrochirus,4,9
GC,2018-07-05,478.125,Centrachiformes,Centrarchidae,Lepomis,megalotis,3,9
GC,2018-07-05,478.125,Cyprinidontiformes,Poeciliidae,Gambusia,affinis,2,9
GC,2018-07-27,449.0625,Centrachiformes,Centrarchidae,Lepomis,cyanellus,5,144
GC,2018-07-27,449.0625,Centrachiformes,Centrarchidae,Lepomis,gulosus,4,144
GC,2018-07-27,449.0625,Centrachiformes,Centrarchidae,Lepomis,humilis,12,144
GC,2018-07-27,449.0625,Centrachiformes,Centrarchidae,Lepomis,macrochirus,7,144
GC,2018-07-27,449.0625,Centrachiformes,Centrarchidae,Lepomis,megalotis,24,144
GC,2018-07-27,449.0625,Centrachiformes,Centrarchidae,Lepomis,microlophus,7,144
GC,2018-07-27,449.0625,Centrachiformes,Centrarchidae,Lepomis,miniatus,2,144
GC,2018-07-27,449.0625,Centrachiformes,Centrarchidae,Micropterus,salmoides,9,144
GC,2018-07-27,449.0625,Cyprinidontiformes,Poeciliidae,Gambusia,affinis,52,144
GC,2018-07-27,449.0625,Cypriniformes,Leuciscidae,Notropis,texanus,15,144
GC,2018-07-27,449.0625,Siluriformes,Ictaluridae,Noturus,gyrinus,12,144
MR,2017-09-26,682.5,Clupeiformes,Engraulidae,Anchoa,mitchilli,368,379
MR,2017-09-26,682.5,Cyprinidontiformes,Poeciliidae,Gambusia,affinis,12,379
MR,2017-10-31,447.1875,Centrachiformes,Centrarchidae,Lepomis,gulosus,11,545
MR,2017-10-31,447.1875,Centrachiformes,Centrarchidae,Lepomis,macrochirus,9,545
MR,2017-10-31,447.1875,Centrachiformes,Centrarchidae,Lepomis,megalotis,8,545
MR,2017-10-31,447.1875,Cichliformes,Cichlidae,Herichthys,cyanoguttatum,2,545
MR,2017-10-31,447.1875,Cyprinidontiformes,Poeciliidae,Gambusia,affinis,322,545
MR,2017-10-31,447.1875,Cyprinidontiformes,Poeciliidae,Poecilia,formosa,2,545
MR,2017-10-31,447.1875,Cyprinidontiformes,Poeciliidae,Poecilia,latipinna,188,545
MR,2017-10-31,447.1875,Cypriniformes,Leuciscidae,Cyprinella,lutrensis,2,545
MR,2017-10-31,447.1875,Mugiliformes,Mugilidae,Agonostomus,monticola,4,545
MR,2017-12-05,495,Anguilliformes,Anguillidae,Anguilla,rostrata,2,307
MR,2017-12-05,495,Atheriniformes,Atherinopsidae,Menidia,beryllina,3,307
MR,2017-12-05,495,Centrachiformes,Centrarchidae,Lepomis,gulosus,3,307
MR,2017-12-05,495,Centrachiformes,Centrarchidae,Lepomis,megalotis,4,307
MR,2017-12-05,495,Cichliformes,Cichlidae,Herichthys,cyanoguttatum,7,307
MR,2017-12-05,495,Clupeiformes,Engraulidae,Anchoa,mitchilli,2,307
MR,2017-12-05,495,Cyprinidontiformes,Cyprinodontidae,Cyprinodon,variegatus,74,307
MR,2017-12-05,495,Cyprinidontiformes,Fundulidae,Adinia,xenica,2,307
MR,2017-12-05,495,Cyprinidontiformes,Fundulidae,Fundulus,chrysotus,2,307
MR,2017-12-05,495,Cyprinidontiformes,Fundulidae,Fundulus,grandis,45,307
MR,2017-12-05,495,Cyprinidontiformes,Poeciliidae,Gambusia,affinis,72,307
MR,2017-12-05,495,Cyprinidontiformes,Poeciliidae,Poecilia,formosa,2,307
MR,2017-12-05,495,Cyprinidontiformes,Poeciliidae,Poecilia,latipinna,97,307
MR,2017-12-05,495,Mugiliformes,Mugilidae,Agonostomus,monticola,3,307
MR,2018-02-05,429.75000000000006,Centrachiformes,Centrarchidae,Lepomis,gulosus,5,593
MR,2018-02-05,429.75000000000006,Centrachiformes,Centrarchidae,Lepomis,macrochirus,19,593
MR,2018-02-05,429.75000000000006,Centrachiformes,Centrarchidae,Lepomis,megalotis,2,593
MR,2018-02-05,429.75000000000006,Centrachiformes,Centrarchidae,Lepomis,microlophus,5,593
MR,2018-02-05,429.75000000000006,Centrachiformes,Centrarchidae,Lepomis,miniatus,3,593
MR,2018-02-05,429.75000000000006,Cichliformes,Cichlidae,Herichthys,cyanoguttatum,2,593
MR,2018-02-05,429.75000000000006,Cyprinidontiformes,Cyprinodontidae,Cyprinodon,variegatus,198,593
MR,2018-02-05,429.75000000000006,Cyprinidontiformes,Fundulidae,Adinia,xenica,6,593
MR,2018-02-05,429.75000000000006,Cyprinidontiformes,Fundulidae,Fundulus,grandis,43,593
MR,2018-02-05,429.75000000000006,Cyprinidontiformes,Poeciliidae,Gambusia,affinis,65,593
MR,2018-02-05,429.75000000000006,Cyprinidontiformes,Poeciliidae,Poecilia,formosa,4,593
MR,2018-02-05,429.75000000000006,Cyprinidontiformes,Poeciliidae,Poecilia,latipinna,234,593
MR,2018-02-05,429.75000000000006,Cyprinodontiformes,Fundulidae,Lucania,parva,4,593
MR,2018-02-05,429.75000000000006,Mugiliformes,Mugilidae,Mugil,cephalus,9,593
MR,2018-02-05,429.75000000000006,Siluriformes,Ictaluridae,Noturus,gyrinus,2,593
MR,2018-03-05,485.625,Anguilliformes,Anguillidae,Anguilla,rostrata,2,50
MR,2018-03-05,485.625,Cichliformes,Cichlidae,Herichthys,cyanoguttatum,2,50
MR,2018-03-05,485.625,Clupeiformes,Clupeidae,Brevoortia,patronus,3,50
MR,2018-03-05,485.625,Clupeiformes,Engraulidae,Anchoa,mitchilli,4,50
MR,2018-03-05,485.625,Cyprinidontiformes,Cyprinodontidae,Cyprinodon,variegatus,6,50
MR,2018-03-05,485.625,Cyprinidontiformes,Fundulidae,Fundulus,grandis,2,50
MR,2018-03-05,485.625,Cyprinidontiformes,Poeciliidae,Gambusia,affinis,13,50
MR,2018-03-05,485.625,Cyprinidontiformes,Poeciliidae,Poecilia,latipinna,23,50
MR,2018-03-05,485.625,Mugiliformes,Mugilidae,Mugil,cephalus,2,50
MR,2018-04-01,496.875,Centrachiformes,Centrarchidae,Lepomis,macrochirus,13,110
MR,2018-04-01,496.875,Centrachiformes,Centrarchidae,Lepomis,megalotis,19,110
MR,2018-04-01,496.875,Cyprinidontiformes,Cyprinodontidae,Cyprinodon,variegatus,7,110
MR,2018-04-01,496.875,Cyprinidontiformes,Poeciliidae,Gambusia,affinis,25,110
MR,2018-04-01,496.875,Cyprinidontiformes,Poeciliidae,Poecilia,latipinna,37,110
MR,2018-04-01,496.875,Mugiliformes,Mugilidae,Mugil,cephalus,13,110
MR,2018-06-06,268.125,Centrachiformes,Centrarchidae,Lepomis,megalotis,3,10
MR,2018-06-06,268.125,Cichliformes,Cichlidae,Herichthys,cyanoguttatum,2,10
MR,2018-06-06,268.125,Cyprinidontiformes,Cyprinodontidae,Cyprinodon,variegatus,2,10
MR,2018-06-06,268.125,Cyprinidontiformes,Poeciliidae,Gambusia,affinis,2,10
MR,2018-06-06,268.125,Cyprinidontiformes,Poeciliidae,Poecilia,latipinna,4,10
MR,2018-07-27,529.3125,Clupeiformes,Engraulidae,Anchoa,mitchilli,7,33
MR,2018-07-27,529.3125,Cyprinidontiformes,Poeciliidae,Gambusia,affinis,17,33
MR,2018-07-27,529.3125,Cyprinidontiformes,Poeciliidae,Poecilia,latipinna,6,33
MR,2018-07-27,529.3125,Siluriformes,Ictaluridae,Ameiurus,natalis,3,33
PDC,2017-10-04,400.3125,Centrachiformes,Centrarchidae,Lepomis,auritus,20,56
PDC,2017-10-04,400.3125,Centrachiformes,Centrarchidae,Lepomis,cyanellus,10,56
PDC,2017-10-04,400.3125,Centrachiformes,Centrarchidae,Lepomis,macrochirus,8,56
PDC,2017-10-04,400.3125,Centrachiformes,Centrarchidae,Lepomis,megalotis,4,56
PDC,2017-10-04,400.3125,Centrachiformes,Centrarchidae,Micropterus,salmoides,5,56
PDC,2017-10-04,400.3125,Cichliformes,Cichlidae,Herichthys,cyanoguttatum,2,56
PDC,2017-10-04,400.3125,Cyprinidontiformes,Fundulidae,Fundulus,notatus,2,56
PDC,2017-10-04,400.3125,Cyprinidontiformes,Poeciliidae,Poecilia,formosa,4,56
PDC,2017-10-04,400.3125,Siluriformes,Ictaluridae,Ameiurus,melas,5,56
PDC,2017-11-01,396,Centrachiformes,Centrarchidae,Lepomis,auritus,15,52
PDC,2017-11-01,396,Centrachiformes,Centrarchidae,Lepomis,macrochirus,6,52
PDC,2017-11-01,396,Centrachiformes,Centrarchidae,Lepomis,microlophus,6,52
PDC,2017-11-01,396,Centrachiformes,Centrarchidae,Micropterus,salmoides,3,52
PDC,2017-11-01,396,Cichliformes,Cichlidae,Herichthys,cyanoguttatum,3,52
PDC,2017-11-01,396,Cyprinidontiformes,Fundulidae,Fundulus,notatus,8,52
PDC,2017-11-01,396,Cyprinidontiformes,Poeciliidae,Gambusia,affinis,15,52
PDC,2017-11-01,396,Lepisosteiformes,Lepisosteidae,Lepisosteus,oculatus,2,52
PDC,2017-12-04,364.96875,Centrachiformes,Centrarchidae,Lepomis,auritus,3,240
PDC,2017-12-04,364.96875,Centrachiformes,Centrarchidae,Lepomis,cyanellus,38,240
PDC,2017-12-04,364.96875,Centrachiformes,Centrarchidae,Lepomis,gulosus,10,240
PDC,2017-12-04,364.96875,Centrachiformes,Centrarchidae,Lepomis,macrochirus,33,240
PDC,2017-12-04,364.96875,Centrachiformes,Centrarchidae,Lepomis,megalotis,49,240
PDC,2017-12-04,364.96875,Centrachiformes,Centrarchidae,Micropterus,salmoides,7,240
PDC,2017-12-04,364.96875,Cichliformes,Cichlidae,Herichthys,cyanoguttatum,12,240
PDC,2017-12-04,364.96875,Cyprinidontiformes,Fundulidae,Fundulus,grandis,12,240
PDC,2017-12-04,364.96875,Cyprinidontiformes,Fundulidae,Fundulus,notatus,24,240
PDC,2017-12-04,364.96875,Cyprinidontiformes,Poeciliidae,Gambusia,affinis,52,240
PDC,2017-12-04,364.96875,Cyprinidontiformes,Poeciliidae,Poecilia,latipinna,5,240
PDC,2018-02-03,325.875,Centrachiformes,Centrarchidae,Lepomis,gulosus,4,62
PDC,2018-02-03,325.875,Centrachiformes,Centrarchidae,Lepomis,macrochirus,10,62
PDC,2018-02-03,325.875,Centrachiformes,Centrarchidae,Lepomis,megalotis,24,62
PDC,2018-02-03,325.875,Cyprinidontiformes,Fundulidae,Fundulus,notatus,12,62
PDC,2018-02-03,325.875,Cyprinidontiformes,Poeciliidae,Gambusia,affinis,8,62
PDC,2018-02-03,325.875,Cyprinidontiformes,Poeciliidae,Poecilia,latipinna,2,62
PDC,2018-02-03,325.875,Siluriformes,Ictaluridae,Ameiurus,melas,2,62
PDC,2018-03-05,335.25,Centrachiformes,Centrarchidae,Lepomis,auritus,23,51
PDC,2018-03-05,335.25,Centrachiformes,Centrarchidae,Lepomis,cyanellus,4,51
PDC,2018-03-05,335.25,Centrachiformes,Centrarchidae,Lepomis,macrochirus,7,51
PDC,2018-03-05,335.25,Centrachiformes,Centrarchidae,Lepomis,megalotis,2,51
PDC,2018-03-05,335.25,Centrachiformes,Centrarchidae,Micropterus,salmoides,3,51
PDC,2018-03-05,335.25,Cichliformes,Cichlidae,Herichthys,cyanoguttatum,2,51
PDC,2018-03-05,335.25,Cyprinidontiformes,Fundulidae,Fundulus,notatus,8,51
PDC,2018-03-05,335.25,Cyprinidontiformes,Poeciliidae,Gambusia,affinis,7,51
PDC,2018-03-05,335.25,Siluriformes,Ictaluridae,Ameiurus,melas,2,51
PDC,2018-03-30,377.8125,Centrachiformes,Centrarchidae,Lepomis,auritus,4,135
PDC,2018-03-30,377.8125,Centrachiformes,Centrarchidae,Lepomis,cyanellus,12,135
PDC,2018-03-30,377.8125,Centrachiformes,Centrarchidae,Lepomis,macrochirus,8,135
PDC,2018-03-30,377.8125,Centrachiformes,Centrarchidae,Lepomis,megalotis,4,135
PDC,2018-03-30,377.8125,Cyprinidontiformes,Fundulidae,Fundulus,chrysotus,24,135
PDC,2018-03-30,377.8125,Cyprinidontiformes,Fundulidae,Fundulus,notatus,24,135
PDC,2018-03-30,377.8125,Cyprinidontiformes,Poeciliidae,Gambusia,affinis,48,135
PDC,2018-03-30,377.8125,Lepisosteiformes,Lepisosteidae,Lepisosteus,oculatus,4,135
PDC,2018-03-30,377.8125,Siluriformes,Ictaluridae,Ameiurus,melas,8,135
PDC,2018-05-10,295.3125,Centrachiformes,Centrarchidae,Lepomis,gulosus,3,184
PDC,2018-05-10,295.3125,Cichliformes,Cichlidae,Herichthys,cyanoguttatum,3,184
PDC,2018-05-10,295.3125,Cyprinidontiformes,Fundulidae,Fundulus,notatus,39,184
PDC,2018-05-10,295.3125,Cyprinidontiformes,Poeciliidae,Gambusia,affinis,140,184
PDC,2018-06-08,245.99999999999997,Centrachiformes,Centrarchidae,Lepomis,auritus,27,115
PDC,2018-06-08,245.99999999999997,Centrachiformes,Centrarchidae,Lepomis,cyanellus,4,115
PDC,2018-06-08,245.99999999999997,Centrachiformes,Centrarchidae,Lepomis,gulosus,2,115
PDC,2018-06-08,245.99999999999997,Centrachiformes,Centrarchidae,Lepomis,macrochirus,7,115
PDC,2018-06-08,245.99999999999997,Centrachiformes,Centrarchidae,Lepomis,microlophus,2,115
PDC,2018-06-08,245.99999999999997,Centrachiformes,Centrarchidae,Micropterus,salmoides,6,115
PDC,2018-06-08,245.99999999999997,Cichliformes,Cichlidae,Herichthys,cyanoguttatum,3,115
PDC,2018-06-08,245.99999999999997,Cyprinidontiformes,Fundulidae,Fundulus,chrysotus,4,115
PDC,2018-06-08,245.99999999999997,Cyprinidontiformes,Fundulidae,Fundulus,notatus,4,115
PDC,2018-06-08,245.99999999999997,Cyprinidontiformes,Poeciliidae,Gambusia,affinis,55,115
PDC,2018-06-08,245.99999999999997,Cyprinidontiformes,Poeciliidae,Poecilia,latipinna,4,115
PDC,2018-06-08,245.99999999999997,Siluriformes,Ictaluridae,Ameiurus,melas,2,115
PDC,2018-08-01,288.1875,Centrachiformes,Centrarchidae,Lepomis,auritus,25,148
PDC,2018-08-01,288.1875,Centrachiformes,Centrarchidae,Lepomis,gulosus,5,148
PDC,2018-08-01,288.1875,Centrachiformes,Centrarchidae,Lepomis,macrochirus,22,148
PDC,2018-08-01,288.1875,Centrachiformes,Centrarchidae,Lepomis,megalotis,2,148
PDC,2018-08-01,288.1875,Centrachiformes,Centrarchidae,Micropterus,salmoides,16,148
PDC,2018-08-01,288.1875,Cichliformes,Cichlidae,Herichthys,cyanoguttatum,10,148
PDC,2018-08-01,288.1875,Cyprinidontiformes,Cyprinidae,Cyprinus,carpio,2,148
PDC,2018-08-01,288.1875,Cyprinidontiformes,Fundulidae,Fundulus,chrysotus,11,148
PDC,2018-08-01,288.1875,Cyprinidontiformes,Fundulidae,Fundulus,notatus,16,148
PDC,2018-08-01,288.1875,Cyprinidontiformes,Poeciliidae,Gambusia,affinis,31,148
PDC,2018-08-01,288.1875,Cyprinidontiformes,Poeciliidae,Poecilia,latipinna,8,148
PDC,2018-08-01,288.1875,Lepisosteiformes,Lepisosteidae,Lepisosteus,oculatus,2,148
PDC,2018-08-01,288.1875,Siluriformes,Ictaluridae,Ameiurus,melas,5,148
PDC,2018-08-01,288.1875,Siluriformes,Ictaluridae,Ameiurus,natalis,2,148
PDC,2018-08-31,176.25,Centrachiformes,Centrarchidae,Lepomis,auritus,61,211
PDC,2018-08-31,176.25,Centrachiformes,Centrarchidae,Lepomis,cyanellus,11,211
PDC,2018-08-31,176.25,Centrachiformes,Centrarchidae,Lepomis,gulosus,6,211
PDC,2018-08-31,176.25,Centrachiformes,Centrarchidae,Lepomis,macrochirus,31,211
PDC,2018-08-31,176.25,Centrachiformes,Centrarchidae,Lepomis,megalotis,3,211
PDC,2018-08-31,176.25,Centrachiformes,Centrarchidae,Micropterus,salmoides,11,211
PDC,2018-08-31,176.25,Cichliformes,Cichlidae,Herichthys,cyanoguttatum,31,211
PDC,2018-08-31,176.25,Cyprinidontiformes,Fundulidae,Fundulus,chrysotus,11,211
PDC,2018-08-31,176.25,Cyprinidontiformes,Fundulidae,Fundulus,notatus,18,211
PDC,2018-08-31,176.25,Cyprinidontiformes,Poeciliidae,Gambusia,affinis,28,211
PDC,2018-08-31,176.25,Cyprinidontiformes,Poeciliidae,Poecilia,latipinna,6,211
PDC,2018-08-31,176.25,Siluriformes,Ictaluridae,Ameiurus,natalis,3,211
PLC,2017-10-10,360.9375,Centrachiformes,Centrarchidae,Lepomis,gulosus,2,97
PLC,2017-10-10,360.9375,Centrachiformes,Centrarchidae,Lepomis,macrochirus,2,97
PLC,2017-10-10,360.9375,Centrachiformes,Centrarchidae,Lepomis,megalotis,19,97
PLC,2017-10-10,360.9375,Centrachiformes,Centrarchidae,Micropterus,salmoides,2,97
PLC,2017-10-10,360.9375,Cyprinidontiformes,Poeciliidae,Gambusia,affinis,44,97
PLC,2017-10-10,360.9375,Cypriniformes,Leuciscidae,Cyprinella,lutrensis,25,97
PLC,2017-10-10,360.9375,Lepisosteiformes,Lepisosteidae,Lepisosteus,oculatus,2,97
PLC,2017-10-10,360.9375,Siluriformes,Ictaluridae,Ameiurus,natalis,7,97
PLC,2017-11-11,258.75,Anguilliformes,Anguillidae,Anguilla,rostrata,4,724
PLC,2017-11-11,258.75,Centrachiformes,Centrarchidae,Lepomis,cyanellus,25,724
PLC,2017-11-11,258.75,Centrachiformes,Centrarchidae,Lepomis,gulosus,18,724
PLC,2017-11-11,258.75,Centrachiformes,Centrarchidae,Lepomis,macrochirus,13,724
PLC,2017-11-11,258.75,Centrachiformes,Centrarchidae,Lepomis,megalotis,203,724
PLC,2017-11-11,258.75,Cyprinidontiformes,Poeciliidae,Gambusia,affinis,303,724
PLC,2017-11-11,258.75,Cyprinidontiformes,Poeciliidae,Poecilia,formosa,7,724
PLC,2017-11-11,258.75,Cyprinidontiformes,Poeciliidae,Poecilia,latipinna,5,724
PLC,2017-11-11,258.75,Cypriniformes,Leuciscidae,Cyprinella,lutrensis,116,724
PLC,2017-11-11,258.75,Eupercaria,Haemulidae,Pomadasys,crocro,2,724
PLC,2017-11-11,258.75,Mugiliformes,Mugilidae,Agonostomus,monticola,7,724
PLC,2017-11-11,258.75,Pleuronectiformes,Achiridae,Trinectes,maculatus,2,724
PLC,2017-11-11,258.75,Siluriformes,Ictaluridae,Ameiurus,natalis,24,724
PLC,2017-11-11,258.75,Siluriformes,Ictaluridae,Ictalurus,punctatus,4,724
PLC,2017-12-03,235.6875,Centrachiformes,Centrarchidae,Lepomis,cyanellus,6,248
PLC,2017-12-03,235.6875,Centrachiformes,Centrarchidae,Lepomis,gulosus,5,248
PLC,2017-12-03,235.6875,Centrachiformes,Centrarchidae,Lepomis,macrochirus,5,248
PLC,2017-12-03,235.6875,Centrachiformes,Centrarchidae,Lepomis,megalotis,62,248
PLC,2017-12-03,235.6875,Cyprinidontiformes,Poeciliidae,Gambusia,affinis,90,248
PLC,2017-12-03,235.6875,Cypriniformes,Leuciscidae,Cyprinella,lutrensis,73,248
PLC,2017-12-03,235.6875,Siluriformes,Ictaluridae,Ameiurus,natalis,8,248
PLC,2017-12-03,235.6875,Siluriformes,Ictaluridae,Ictalurus,punctatus,3,248
PLC,2018-02-11,230.625,Centrachiformes,Centrarchidae,Lepomis,cyanellus,7,697
PLC,2018-02-11,230.625,Centrachiformes,Centrarchidae,Lepomis,gulosus,9,697
PLC,2018-02-11,230.625,Centrachiformes,Centrarchidae,Lepomis,macrochirus,7,697
PLC,2018-02-11,230.625,Centrachiformes,Centrarchidae,Lepomis,megalotis,267,697
PLC,2018-02-11,230.625,Cyprinidontiformes,Poeciliidae,Gambusia,affinis,274,697
PLC,2018-02-11,230.625,Cyprinidontiformes,Poeciliidae,Poecilia,formosa,2,697
PLC,2018-02-11,230.625,Cypriniformes,Leuciscidae,Cyprinella,lutrensis,129,697
PLC,2018-02-11,230.625,Siluriformes,Ictaluridae,Ameiurus,natalis,6,697
PLC,2018-03-02,232.5,Centrachiformes,Centrarchidae,Lepomis,cyanellus,1,80
PLC,2018-03-02,232.5,Centrachiformes,Centrarchidae,Lepomis,gulosus,1,80
PLC,2018-03-02,232.5,Centrachiformes,Centrarchidae,Lepomis,megalotis,9,80
PLC,2018-03-02,232.5,Cyprinidontiformes,Poeciliidae,Gambusia,affinis,1,80
PLC,2018-03-02,232.5,Cyprinidontiformes,Poeciliidae,Poecilia,formosa,1,80
PLC,2018-03-02,232.5,Cyprinidontiformes,Poeciliidae,Poecilia,latipinna,3,80
PLC,2018-03-02,232.5,Cypriniformes,Leuciscidae,Cyprinella,lutrensis,61,80
PLC,2018-03-02,232.5,Mugiliformes,Mugilidae,Agonostomus,monticola,1,80
PLC,2018-03-02,232.5,Pleuronectiformes,Achiridae,Trinectes,maculatus,1,80
PLC,2018-03-02,232.5,Siluriformes,Ictaluridae,Ictalurus,punctatus,1,80
PLC,2018-04-01,282.1875,Centrachiformes,Centrarchidae,Lepomis,auritus,53,1184
PLC,2018-04-01,282.1875,Centrachiformes,Centrarchidae,Lepomis,cyanellus,8,1184
PLC,2018-04-01,282.1875,Centrachiformes,Centrarchidae,Lepomis,gulosus,16,1184
PLC,2018-04-01,282.1875,Centrachiformes,Centrarchidae,Lepomis,macrochirus,38,1184
PLC,2018-04-01,282.1875,Centrachiformes,Centrarchidae,Lepomis,megalotis,188,1184
PLC,2018-04-01,282.1875,Cyprinidontiformes,Fundulidae,Fundulus,chrysotus,4,1184
PLC,2018-04-01,282.1875,Cyprinidontiformes,Poeciliidae,Gambusia,affinis,219,1184
PLC,2018-04-01,282.1875,Cyprinidontiformes,Poeciliidae,Poecilia,latipinna,12,1184
PLC,2018-04-01,282.1875,Cypriniformes,Leuciscidae,Cyprinella,lutrensis,549,1184
PLC,2018-04-01,282.1875,Mugiliformes,Mugilidae,Agonostomus,monticola,94,1184
PLC,2018-04-01,282.1875,Siluriformes,Ictaluridae,Ameiurus,natalis,8,1184
PLC,2018-05-10,214.125,Centrachiformes,Centrarchidae,Lepomis,auritus,3,163
PLC,2018-05-10,214.125,Centrachiformes,Centrarchidae,Lepomis,cyanellus,3,163
PLC,2018-05-10,214.125,Centrachiformes,Centrarchidae,Lepomis,gulosus,2,163
PLC,2018-05-10,214.125,Centrachiformes,Centrarchidae,Lepomis,macrochirus,2,163
PLC,2018-05-10,214.125,Centrachiformes,Centrarchidae,Lepomis,megalotis,25,163
PLC,2018-05-10,214.125,Cyprinidontiformes,Poeciliidae,Gambusia,affinis,77,163
PLC,2018-05-10,214.125,Cyprinidontiformes,Poeciliidae,Poecilia,latipinna,2,163
PLC,2018-05-10,214.125,Cypriniformes,Leuciscidae,Cyprinella,lutrensis,32,163
PLC,2018-05-10,214.125,Mugiliformes,Mugilidae,Agonostomus,monticola,22,163
PLC,2018-05-10,214.125,Siluriformes,Ictaluridae,Ameiurus,natalis,3,163
PLC,2018-06-07,175.68749999999997,Centrachiformes,Centrarchidae,Lepomis,cyanellus,15,478
PLC,2018-06-07,175.68749999999997,Centrachiformes,Centrarchidae,Lepomis,gulosus,4,478
PLC,2018-06-07,175.68749999999997,Centrachiformes,Centrarchidae,Lepomis,macrochirus,13,478
PLC,2018-06-07,175.68749999999997,Centrachiformes,Centrarchidae,Lepomis,megalotis,154,478
PLC,2018-06-07,175.68749999999997,Centrachiformes,Centrarchidae,Micropterus,salmoides,6,478
PLC,2018-06-07,175.68749999999997,Cyprinidontiformes,Poeciliidae,Gambusia,affinis,152,478
PLC,2018-06-07,175.68749999999997,Cyprinidontiformes,Poeciliidae,Poecilia,latipinna,4,478
PLC,2018-06-07,175.68749999999997,Cypriniformes,Leuciscidae,Cyprinella,lutrensis,52,478
PLC,2018-06-07,175.68749999999997,Mugiliformes,Mugilidae,Agonostomus,monticola,74,478
PLC,2018-06-07,175.68749999999997,Pleuronectiformes,Achiridae,Trinectes,maculatus,2,478
PLC,2018-06-07,175.68749999999997,Siluriformes,Ictaluridae,Ameiurus,natalis,6,478
PLC,2018-07-27,254.625,Centrachiformes,Centrarchidae,Lepomis,macrochirus,2,59
PLC,2018-07-27,254.625,Centrachiformes,Centrarchidae,Lepomis,megalotis,7,59
PLC,2018-07-27,254.625,Cyprinidontiformes,Poeciliidae,Gambusia,affinis,32,59
PLC,2018-07-27,254.625,Cyprinidontiformes,Poeciliidae,Poecilia,latipinna,5,59
PLC,2018-07-27,254.625,Cypriniformes,Leuciscidae,Cyprinella,lutrensis,7,59
PLC,2018-07-27,254.625,Siluriformes,Ictaluridae,Ameiurus,natalis,2,59
PLC,2018-07-27,254.625,Siluriformes,Ictaluridae,Ictalurus,punctatus,2,59
PLC,2018-07-27,254.625,Siluriformes,Ictaluridae,Noturus,gyrinus,7,59
PLC,2018-09-25,284.4375,Centrachiformes,Centrarchidae,Lepomis,cyanellus,3,37
PLC,2018-09-25,284.4375,Centrachiformes,Centrarchidae,Lepomis,macrochirus,5,37
PLC,2018-09-25,284.4375,Centrachiformes,Centrarchidae,Lepomis,megalotis,10,37
PLC,2018-09-25,284.4375,Cyprinidontiformes,Poeciliidae,Gambusia,affinis,12,37
PLC,2018-09-25,284.4375,Cypriniformes,Leuciscidae,Cyprinella,lutrensis,8,37
PLC,2018-09-25,284.4375,Pleuronectiformes,Achiridae,Trinectes,maculatus,3,37
PLC,2018-09-25,284.4375,Siluriformes,Ictaluridae,Ictalurus,punctatus,2,37
SFC,2017-09-19,257.0625,Centrachiformes,Centrarchidae,Lepomis,macrochirus,3,112
SFC,2017-09-19,257.0625,Centrachiformes,Centrarchidae,Lepomis,megalotis,2,112
SFC,2017-09-19,257.0625,Characiformes,Characidae,Astyanax,mexicanus,2,112
SFC,2017-09-19,257.0625,Cichliformes,Cichlidae,Herichthys,cyanoguttatum,32,112
SFC,2017-09-19,257.0625,Cyprinidontiformes,Poeciliidae,Gambusia,affinis,5,112
SFC,2017-09-19,257.0625,Cyprinidontiformes,Poeciliidae,Poecilia,formosa,51,112
SFC,2017-09-19,257.0625,Cyprinidontiformes,Poeciliidae,Poecilia,latipinna,20,112
SFC,2017-09-19,257.0625,Lepisosteiformes,Lepisosteidae,Lepisosteus,oculatus,2,112
SFC,2017-11-05,236.25,Centrachiformes,Centrarchidae,Lepomis,macrochirus,5,1339
SFC,2017-11-05,236.25,Characiformes,Characidae,Astyanax,mexicanus,5,1339
SFC,2017-11-05,236.25,Cichliformes,Cichlidae,Herichthys,cyanoguttatum,464,1339
SFC,2017-11-05,236.25,Cyprinidontiformes,Cyprinodontidae,Cyprinodon,variegatus,2,1339
SFC,2017-11-05,236.25,Cyprinidontiformes,Poeciliidae,Gambusia,affinis,155,1339
SFC,2017-11-05,236.25,Cyprinidontiformes,Poeciliidae,Poecilia,latipinna,634,1339
SFC,2017-11-05,236.25,Cypriniformes,Leuciscidae,Cyprinella,lutrensis,28,1339
SFC,2017-11-05,236.25,Cypriniformes,Leuciscidae,Pimephales,vigilax,49,1339
SFC,2017-12-11,226.5,Cichliformes,Cichlidae,Herichthys,cyanoguttatum,15,148
SFC,2017-12-11,226.5,Cyprinidontiformes,Poeciliidae,Gambusia,affinis,9,148
SFC,2017-12-11,226.5,Cyprinidontiformes,Poeciliidae,Poecilia,formosa,14,148
SFC,2017-12-11,226.5,Cyprinidontiformes,Poeciliidae,Poecilia,latipinna,105,148
SFC,2017-12-11,226.5,Cypriniformes,Leuciscidae,Cyprinella,lutrensis,4,148
SFC,2017-12-11,226.5,Cypriniformes,Leuciscidae,Pimephales,vigilax,5,148
SFC,2017-12-11,226.5,Lepisosteiformes,Lepisosteidae,Lepisosteus,oculatus,2,148
SFC,2018-02-02,211.875,Cichliformes,Cichlidae,Herichthys,cyanoguttatum,82,824
SFC,2018-02-02,211.875,Cyprinidontiformes,Cyprinodontidae,Cyprinodon,variegatus,9,824
SFC,2018-02-02,211.875,Cyprinidontiformes,Poeciliidae,Gambusia,affinis,38,824
SFC,2018-02-02,211.875,Cyprinidontiformes,Poeciliidae,Poecilia,formosa,149,824
SFC,2018-02-02,211.875,Cyprinidontiformes,Poeciliidae,Poecilia,latipinna,534,824
SFC,2018-02-02,211.875,Cypriniformes,Leuciscidae,Pimephales,vigilax,16,824
SFC,2018-04-07,223.125,Cichliformes,Cichlidae,Herichthys,cyanoguttatum,29,348
SFC,2018-04-07,223.125,Cyprinidontiformes,Poeciliidae,Gambusia,affinis,95,348
SFC,2018-04-07,223.125,Cyprinidontiformes,Poeciliidae,Poecilia,latipinna,148,348
SFC,2018-04-07,223.125,Cypriniformes,Leuciscidae,Cyprinella,lutrensis,20,348
SFC,2018-04-07,223.125,Cypriniformes,Leuciscidae,Pimephales,vigilax,59,348
SFC,2018-05-12,217.125,Cichliformes,Cichlidae,Herichthys,cyanoguttatum,14,199
SFC,2018-05-12,217.125,Cichliformes,Cichlidae,Oreochromis,aureus,3,199
SFC,2018-05-12,217.125,Cyprinidontiformes,Poeciliidae,Gambusia,affinis,63,199
SFC,2018-05-12,217.125,Cyprinidontiformes,Poeciliidae,Poecilia,latipinna,97,199
SFC,2018-05-12,217.125,Cypriniformes,Leuciscidae,Cyprinella,lutrensis,16,199
SFC,2018-05-12,217.125,Cypriniformes,Leuciscidae,Pimephales,vigilax,8,199
SFC,2018-06-01,230.34375,Cichliformes,Cichlidae,Herichthys,cyanoguttatum,58,410
SFC,2018-06-01,230.34375,Cyprinidontiformes,Poeciliidae,Gambusia,affinis,61,410
SFC,2018-06-01,230.34375,Cyprinidontiformes,Poeciliidae,Poecilia,latipinna,285,410
SFC,2018-06-01,230.34375,Cypriniformes,Leuciscidae,Cyprinella,lutrensis,3,410
SFC,2018-06-01,230.34375,Cypriniformes,Leuciscidae,Pimephales,vigilax,6,410
SFC,2018-07-01,206.25,Centrachiformes,Centrarchidae,Lepomis,gulosus,4,149
SFC,2018-07-01,206.25,Cichliformes,Cichlidae,Herichthys,cyanoguttatum,21,149
SFC,2018-07-01,206.25,Cyprinidontiformes,Cyprinidae,Cyprinus,carpio,4,149
SFC,2018-07-01,206.25,Cyprinidontiformes,Cyprinodontidae,Cyprinodon,variegatus,7,149
SFC,2018-07-01,206.25,Cyprinidontiformes,Poeciliidae,Gambusia,affinis,21,149
SFC,2018-07-01,206.25,Cyprinidontiformes,Poeciliidae,Poecilia,latipinna,73,149
SFC,2018-07-01,206.25,Cypriniformes,Leuciscidae,Cyprinella,lutrensis,14,149
SFC,2018-07-01,206.25,Cypriniformes,Leuciscidae,Pimephales,vigilax,7,149
SFC,2018-09-18,256.875,Centrachiformes,Centrarchidae,Lepomis,gulosus,4,135
SFC,2018-09-18,256.875,Centrachiformes,Centrarchidae,Lepomis,macrochirus,24,135
SFC,2018-09-18,256.875,Characiformes,Characidae,Astyanax,mexicanus,4,135
SFC,2018-09-18,256.875,Cyprinidontiformes,Poeciliidae,Gambusia,affinis,96,135
SFC,2018-09-18,256.875,Cyprinidontiformes,Poeciliidae,Poecilia,latipinna,4,135
SFC,2018-09-18,256.875,Cypriniformes,Leuciscidae,Cyprinella,lutrensis,4,135
TRC,2017-09-25,320.24999999999994,Characiformes,Characidae,Astyanax,mexicanus,6,647
TRC,2017-09-25,320.24999999999994,Cyprinidontiformes,Cyprinodontidae,Cyprinodon,variegatus,20,647
TRC,2017-09-25,320.24999999999994,Cyprinidontiformes,Fundulidae,Fundulus,grandis,11,647
TRC,2017-09-25,320.24999999999994,Cyprinidontiformes,Poeciliidae,Poecilia,latipinna,613,647
TRC,2017-11-05,371.25,Centrachiformes,Centrarchidae,Lepomis,megalotis,2,575
TRC,2017-11-05,371.25,Cichliformes,Cichlidae,Herichthys,cyanoguttatum,4,575
TRC,2017-11-05,371.25,Cichliformes,Cichlidae,Oreochromis,aureus,12,575
TRC,2017-11-05,371.25,Cyprinidontiformes,Cyprinodontidae,Cyprinodon,variegatus,125,575
TRC,2017-11-05,371.25,Cyprinidontiformes,Fundulidae,Fundulus,grandis,18,575
TRC,2017-11-05,371.25,Cyprinidontiformes,Poeciliidae,Gambusia,affinis,20,575
TRC,2017-11-05,371.25,Cyprinidontiformes,Poeciliidae,Poecilia,formosa,244,575
TRC,2017-11-05,371.25,Cyprinidontiformes,Poeciliidae,Poecilia,latipinna,153,575
TRC,2017-11-05,371.25,Gobiiformes,Eleotridae,Dormitator,maculatus,2,575
TRC,2017-12-11,270,Cyprinidontiformes,Cyprinodontidae,Cyprinodon,variegatus,354,484
TRC,2017-12-11,270,Cyprinidontiformes,Poeciliidae,Gambusia,affinis,81,484
TRC,2017-12-11,270,Cyprinidontiformes,Poeciliidae,Poecilia,latipinna,50,484
TRC,2018-04-07,268.125,Characiformes,Characidae,Astyanax,mexicanus,5,979
TRC,2018-04-07,268.125,Cyprinidontiformes,Cyprinodontidae,Cyprinodon,variegatus,640,979
TRC,2018-04-07,268.125,Cyprinidontiformes,Fundulidae,Fundulus,grandis,10,979
TRC,2018-04-07,268.125,Cyprinidontiformes,Poeciliidae,Gambusia,affinis,47,979
TRC,2018-04-07,268.125,Cyprinidontiformes,Poeciliidae,Poecilia,latipinna,279,979
TRC,2018-06-01,270,Characiformes,Characidae,Astyanax,mexicanus,66,767
TRC,2018-06-01,270,Cyprinidontiformes,Cyprinodontidae,Cyprinodon,variegatus,361,767
TRC,2018-06-01,270,Cyprinidontiformes,Fundulidae,Fundulus,grandis,22,767
TRC,2018-06-01,270,Cyprinidontiformes,Poeciliidae,Poecilia,latipinna,318,767
TRC,2018-07-01,268.125,Centrachiformes,Centrarchidae,Lepomis,cyanellus,3,304
TRC,2018-07-01,268.125,Centrachiformes,Centrarchidae,Lepomis,macrochirus,3,304
TRC,2018-07-01,268.125,Centrachiformes,Centrarchidae,Micropterus,salmoides,5,304
TRC,2018-07-01,268.125,Cichliformes,Cichlidae,Herichthys,cyanoguttatum,3,304
TRC,2018-07-01,268.125,Cichliformes,Cichlidae,Oreochromis,aureus,3,304
TRC,2018-07-01,268.125,Cyprinidontiformes,Cyprinodontidae,Cyprinodon,variegatus,30,304
TRC,2018-07-01,268.125,Cyprinidontiformes,Fundulidae,Fundulus,grandis,3,304
TRC,2018-07-01,268.125,Cyprinidontiformes,Poeciliidae,Poecilia,latipinna,261,304
TRC,2018-08-31,264,Cyprinidontiformes,Cyprinodontidae,Cyprinodon,variegatus,2,28
TRC,2018-08-31,264,Cyprinidontiformes,Poeciliidae,Gambusia,affinis,2,28
TRC,2018-08-31,264,Cyprinidontiformes,Poeciliidae,Poecilia,latipinna,24,28
WMC,2017-09-30,610.3125,Centrachiformes,Centrarchidae,Lepomis,auritus,7,109
WMC,2017-09-30,610.3125,Centrachiformes,Centrarchidae,Lepomis,cyanellus,13,109
WMC,2017-09-30,610.3125,Centrachiformes,Centrarchidae,Lepomis,megalotis,71,109
WMC,2017-09-30,610.3125,Cypriniformes,Leuciscidae,Cyprinella,lutrensis,7,109
WMC,2017-09-30,610.3125,Siluriformes,Ictaluridae,Ameiurus,natalis,7,109
WMC,2017-09-30,610.3125,Siluriformes,Ictaluridae,Ictalurus,punctatus,7,109
WMC,2017-11-03,659.2499999999999,Centrachiformes,Centrarchidae,Lepomis,gulosus,3,196
WMC,2017-11-03,659.2499999999999,Centrachiformes,Centrarchidae,Lepomis,macrochirus,3,196
WMC,2017-11-03,659.2499999999999,Centrachiformes,Centrarchidae,Lepomis,megalotis,56,196
WMC,2017-11-03,659.2499999999999,Centrachiformes,Centrarchidae,Lepomis,microlophus,11,196
WMC,2017-11-03,659.2499999999999,Centrachiformes,Centrarchidae,Lepomis,miniatus,11,196
WMC,2017-11-03,659.2499999999999,Cyprinidontiformes,Poeciliidae,Gambusia,affinis,104,196
WMC,2017-11-03,659.2499999999999,Cypriniformes,Leuciscidae,Cyprinella,venusta,3,196
WMC,2017-11-03,659.2499999999999,Lepisosteiformes,Lepisosteidae,Lepisosteus,oculatus,8,196
WMC,2017-12-02,610.3125,Centrachiformes,Centrarchidae,Lepomis,cyanellus,26,493
WMC,2017-12-02,610.3125,Centrachiformes,Centrarchidae,Lepomis,gulosus,15,493
WMC,2017-12-02,610.3125,Centrachiformes,Centrarchidae,Lepomis,humilis,2,493
WMC,2017-12-02,610.3125,Centrachiformes,Centrarchidae,Lepomis,macrochirus,21,493
WMC,2017-12-02,610.3125,Centrachiformes,Centrarchidae,Lepomis,megalotis,123,493
WMC,2017-12-02,610.3125,Centrachiformes,Centrarchidae,Micropterus,salmoides,4,493
WMC,2017-12-02,610.3125,Cyprinidontiformes,Poeciliidae,Gambusia,affinis,145,493
WMC,2017-12-02,610.3125,Cypriniformes,Leuciscidae,Cyprinella,lutrensis,112,493
WMC,2017-12-02,610.3125,Cypriniformes,Leuciscidae,Cyprinella,venusta,26,493
WMC,2017-12-02,610.3125,Cypriniformes,Leuciscidae,Notropis,texanus,2,493
WMC,2017-12-02,610.3125,Lepisosteiformes,Lepisosteidae,Lepisosteus,oculatus,2,493
WMC,2017-12-02,610.3125,Percopsiformes,Aphredoderidae,Aphredoderus,sayanus,4,493
WMC,2017-12-02,610.3125,Siluriformes,Ictaluridae,Ameiurus,natalis,2,493
WMC,2017-12-02,610.3125,Siluriformes,Ictaluridae,Ictalurus,punctatus,6,493
WMC,2017-12-02,610.3125,Siluriformes,Ictaluridae,Noturus,gyrinus,6,493
WMC,2017-12-02,610.3125,Siluriformes,Ictaluridae,Pylodictis,olivaris,2,493
WMC,2018-02-09,603.75,Centrachiformes,Centrarchidae,Lepomis,cyanellus,12,139
WMC,2018-02-09,603.75,Centrachiformes,Centrarchidae,Lepomis,gulosus,8,139
WMC,2018-02-09,603.75,Centrachiformes,Centrarchidae,Lepomis,humilis,2,139
WMC,2018-02-09,603.75,Centrachiformes,Centrarchidae,Lepomis,macrochirus,4,139
WMC,2018-02-09,603.75,Centrachiformes,Centrarchidae,Lepomis,megalotis,35,139
WMC,2018-02-09,603.75,Cyprinidontiformes,Poeciliidae,Gambusia,affinis,70,139
WMC,2018-02-09,603.75,Cypriniformes,Leuciscidae,Notropis,texanus,4,139
WMC,2018-02-09,603.75,Cypriniformes,Leuciscidae,Pimephales,vigilax,3,139
WMC,2018-02-09,603.75,Lepisosteiformes,Lepisosteidae,Lepisosteus,oculatus,2,139
WMC,2018-02-09,603.75,Perciformes,Pecidae,Etheostoma,gracile,4,139
WMC,2018-02-09,603.75,Siluriformes,Ictaluridae,Ictalurus,punctatus,3,139
WMC,2018-02-09,603.75,Siluriformes,Ictaluridae,Pylodictis,olivaris,2,139
WMC,2018-03-02,674.0625,Atheriniformes,Atherinopsidae,Menidia,beryllina,3,245
WMC,2018-03-02,674.0625,Centrachiformes,Centrarchidae,Lepomis,cyanellus,17,245
WMC,2018-03-02,674.0625,Centrachiformes,Centrarchidae,Lepomis,gulosus,12,245
WMC,2018-03-02,674.0625,Centrachiformes,Centrarchidae,Lepomis,macrochirus,17,245
WMC,2018-03-02,674.0625,Centrachiformes,Centrarchidae,Lepomis,marginatus,3,245
WMC,2018-03-02,674.0625,Centrachiformes,Centrarchidae,Lepomis,megalotis,63,245
WMC,2018-03-02,674.0625,Centrachiformes,Centrarchidae,Lepomis,microlophus,3,245
WMC,2018-03-02,674.0625,Centrarchiformes,Centrarchidae,Pomoxis,annularis,3,245
WMC,2018-03-02,674.0625,Cyprinidontiformes,Poeciliidae,Gambusia,affinis,107,245
WMC,2018-03-02,674.0625,Cypriniformes,Leuciscidae,Cyprinella,lutrensis,5,245
WMC,2018-03-02,674.0625,Cypriniformes,Leuciscidae,Pimephales,vigilax,10,245
WMC,2018-03-02,674.0625,Lepisosteiformes,Lepisosteidae,Lepisosteus,oculatus,5,245
WMC,2018-03-02,674.0625,Perciformes,Pecidae,Etheostoma,gracile,3,245
WMC,2018-03-02,674.0625,Siluriformes,Ictaluridae,Ictalurus,punctatus,3,245
WMC,2018-03-31,782.8125,Centrachiformes,Centrarchidae,Lepomis,macrochirus,3,49
WMC,2018-03-31,782.8125,Cyprinidontiformes,Fundulidae,Fundulus,chrysotus,2,49
WMC,2018-03-31,782.8125,Cyprinidontiformes,Poeciliidae,Gambusia,affinis,36,49
WMC,2018-03-31,782.8125,Cypriniformes,Leuciscidae,Cyprinella,lutrensis,2,49
WMC,2018-03-31,782.8125,Cypriniformes,Leuciscidae,Cyprinella,venusta,3,49
WMC,2018-03-31,782.8125,Cypriniformes,Leuciscidae,Notropis,texanus,2,49
WMC,2018-03-31,782.8125,Cypriniformes,Leuciscidae,Pimephales,vigilax,2,49
WMC,2018-03-31,782.8125,Perciformes,Pecidae,Etheostoma,gracile,6,49
WMC,2018-05-04,585,Centrachiformes,Centrarchidae,Lepomis,cyanellus,2,52
WMC,2018-05-04,585,Centrachiformes,Centrarchidae,Lepomis,gulosus,2,52
WMC,2018-05-04,585,Centrachiformes,Centrarchidae,Lepomis,macrochirus,6,52
WMC,2018-05-04,585,Centrachiformes,Centrarchidae,Lepomis,megalotis,21,52
WMC,2018-05-04,585,Clupeiformes,Clupeidae,Dorosoma,cepedianum,2,52
WMC,2018-05-04,585,Cyprinidontiformes,Poeciliidae,Gambusia,affinis,21,52
WMC,2018-05-04,585,Cypriniformes,Leuciscidae,Cyprinella,lutrensis,2,52
WMC,2018-05-04,585,Lepisosteiformes,Lepisosteidae,Lepisosteus,oculatus,3,52
WMC,2018-06-04,706.875,Centrachiformes,Centrarchidae,Lepomis,gulosus,1,25
WMC,2018-06-04,706.875,Centrachiformes,Centrarchidae,Lepomis,megalotis,9,25
WMC,2018-06-04,706.875,Clupeiformes,Clupeidae,Dorosoma,cepedianum,2,25
WMC,2018-06-04,706.875,Cyprinidontiformes,Poeciliidae,Gambusia,affinis,6,25
WMC,2018-06-04,706.875,Cypriniformes,Leuciscidae,Cyprinella,venusta,1,25
WMC,2018-06-04,706.875,Lepisosteiformes,Lepisosteidae,Lepisosteus,oculatus,3,25
WMC,2018-06-04,706.875,Percopsiformes,Aphredoderidae,Aphredoderus,sayanus,2,25
WMC,2018-06-04,706.875,Siluriformes,Ictaluridae,Ameiurus,natalis,1,25
WMC,2018-09-01,461.25,Centrachiformes,Centrarchidae,Lepomis,auritus,3,67
WMC,2018-09-01,461.25,Centrachiformes,Centrarchidae,Lepomis,cyanellus,2,67
WMC,2018-09-01,461.25,Centrachiformes,Centrarchidae,Lepomis,gulosus,5,67
WMC,2018-09-01,461.25,Centrachiformes,Centrarchidae,Lepomis,macrochirus,8,67
WMC,2018-09-01,461.25,Centrachiformes,Centrarchidae,Lepomis,megalotis,25,67
WMC,2018-09-01,461.25,Centrachiformes,Centrarchidae,Micropterus,salmoides,2,67
WMC,2018-09-01,461.25,Cyprinidontiformes,Poeciliidae,Gambusia,affinis,11,67
WMC,2018-09-01,461.25,Cypriniformes,Leuciscidae,Cyprinella,lutrensis,2,67
WMC,2018-09-01,461.25,Cypriniformes,Leuciscidae,Notropis,texanus,2,67
WMC,2018-09-01,461.25,Percopsiformes,Aphredoderidae,Aphredoderus,sayanus,11,67
WMC,2018-09-01,461.25,Siluriformes,Ictaluridae,Ameiurus,melas,2,67
WMC,2018-09-01,461.25,Siluriformes,Ictaluridae,Ictalurus,punctatus,3,67
AR,2017-09-16,NA,Centrachiformes,Centrarchidae,Lepomis,auritus,8,139
AR,2017-09-16,NA,Centrachiformes,Centrarchidae,Lepomis,cyanellus,4,139
AR,2017-09-16,NA,Centrachiformes,Centrarchidae,Lepomis,macrochirus,46,139
AR,2017-09-16,NA,Cichliformes,Cichlidae,Herichthys,cyanoguttatum,23,139
AR,2017-09-16,NA,Cyprinidontiformes,Poeciliidae,Gambusia,affinis,8,139
AR,2017-09-16,NA,Cypriniformes,Leuciscidae,Cyprinella,lutrensis,49,139
AR,2017-09-16,NA,Siluriformes,Ictaluridae,Ictalurus,punctatus,4,139
AR,2020-01-16,NA,Centrachiformes,Centrarchidae,Lepomis,auritus,20,136
AR,2020-01-16,NA,Centrachiformes,Centrarchidae,Lepomis,cyanellus,16,136
AR,2020-01-16,NA,Centrachiformes,Centrarchidae,Lepomis,macrochirus,28,136
AR,2020-01-16,NA,Centrachiformes,Centrarchidae,Lepomis,megalotis,39,136
AR,2020-01-16,NA,Cichliformes,Cichlidae,Herichthys,cyanoguttatum,12,136
AR,2020-01-16,NA,Cypriniformes,Leuciscidae,Cyprinella,lutrensis,20,136
AR,2020-01-16,NA,Siluriformes,Ictaluridae,Noturus,gyrinus,4,136
AR,2020-05-20,NA,Centrachiformes,Centrarchidae,Lepomis,cyanellus,103,417
AR,2020-05-20,NA,Centrachiformes,Centrarchidae,Lepomis,gulosus,2,417
AR,2020-05-20,NA,Centrachiformes,Centrarchidae,Lepomis,macrochirus,61,417
AR,2020-05-20,NA,Centrachiformes,Centrarchidae,Lepomis,megalotis,2,417
AR,2020-05-20,NA,Centrachiformes,Centrarchidae,Micropterus,salmoides,2,417
AR,2020-05-20,NA,Cichliformes,Cichlidae,Herichthys,cyanoguttatum,18,417
AR,2020-05-20,NA,Cyprinidontiformes,Poeciliidae,Gambusia,affinis,2,417
AR,2020-05-20,NA,Cypriniformes,Leuciscidae,Cyprinella,lutrensis,225,417
AR,2020-05-20,NA,Lepisosteiformes,Lepisosteidae,Lepisosteus,oculatus,2,417
AR,2020-05-20,NA,Siluriformes,Ictaluridae,Ictalurus,punctatus,2,417
AR,2020-09-20,NA,Centrachiformes,Centrarchidae,Lepomis,cyanellus,35,143
AR,2020-09-20,NA,Centrachiformes,Centrarchidae,Lepomis,gulosus,3,143
AR,2020-09-20,NA,Centrachiformes,Centrarchidae,Lepomis,macrochirus,45,143
AR,2020-09-20,NA,Centrachiformes,Centrarchidae,Lepomis,megalotis,24,143
AR,2020-09-20,NA,Centrachiformes,Centrarchidae,Micropterus,salmoides,5,143
AR,2020-09-20,NA,Cichliformes,Cichlidae,Herichthys,cyanoguttatum,13,143
AR,2020-09-20,NA,Cyprinidontiformes,Poeciliidae,Gambusia,affinis,14,143
AR,2020-09-20,NA,Cypriniformes,Leuciscidae,Cyprinella,lutrensis,4,143
AR,2020-09-20,NA,Gobiiformes,Eleotridae,Gobiomorus,dormitor,2,143
AR,2020-09-20,NA,Siluriformes,Ictaluridae,Ictalurus,punctatus,2,143
AR,2020-11-03,NA,Centrachiformes,Centrarchidae,Lepomis,cyanellus,37,341
AR,2020-11-03,NA,Centrachiformes,Centrarchidae,Lepomis,gulosus,8,341
AR,2020-11-03,NA,Centrachiformes,Centrarchidae,Lepomis,macrochirus,90,341
AR,2020-11-03,NA,Centrachiformes,Centrarchidae,Lepomis,megalotis,70,341
AR,2020-11-03,NA,Cichliformes,Cichlidae,Herichthys,cyanoguttatum,23,341
AR,2020-11-03,NA,Cyprinidontiformes,Poeciliidae,Gambusia,affinis,2,341
AR,2020-11-03,NA,Cypriniformes,Leuciscidae,Cyprinella,lutrensis,109,341
AR,2020-11-03,NA,Siluriformes,Ictaluridae,Ameiurus,natalis,2,341
AR,2020-11-03,NA,Siluriformes,Ictaluridae,Ictalurus,punctatus,5,341
EMC,2018-03-09,NA,Centrachiformes,Centrarchidae,Lepomis,auritus,6,528
EMC,2018-03-09,NA,Centrachiformes,Centrarchidae,Lepomis,gulosus,2,528
EMC,2018-03-09,NA,Centrachiformes,Centrarchidae,Lepomis,macrochirus,13,528
EMC,2018-03-09,NA,Centrachiformes,Centrarchidae,Lepomis,megalotis,151,528
EMC,2018-03-09,NA,Centrarchiformes,Centrarchidae,Pomoxis,nigromaculatus,2,528
EMC,2018-03-09,NA,Clupeiformes,Clupeidae,Dorosoma,cepedianum,2,528
EMC,2018-03-09,NA,Cyprinidontiformes,Poeciliidae,Gambusia,affinis,313,528
EMC,2018-03-09,NA,Cypriniformes,Leuciscidae,Cyprinella,lutrensis,10,528
EMC,2018-03-09,NA,Cypriniformes,Leuciscidae,Pimephales,vigilax,24,528
EMC,2018-03-09,NA,Lepisosteiformes,Lepisosteidae,Lepisosteus,oculatus,4,528
EMC,2018-03-09,NA,Perciformes,Pecidae,Etheostoma,gracile,4,528
EMC,2018-03-09,NA,Siluriformes,Ictaluridae,Noturus,gyrinus,2,528
EMC,2020-01-14,NA,Centrachiformes,Centrarchidae,Lepomis,cyanellus,20,136
EMC,2020-01-14,NA,Centrachiformes,Centrarchidae,Lepomis,gulosus,5,136
EMC,2020-01-14,NA,Centrachiformes,Centrarchidae,Lepomis,macrochirus,9,136
EMC,2020-01-14,NA,Centrachiformes,Centrarchidae,Lepomis,megalotis,84,136
EMC,2020-01-14,NA,Cyprinidontiformes,Poeciliidae,Gambusia,affinis,10,136
EMC,2020-01-14,NA,Cypriniformes,Catostomidae,Ictiobus,bubalus,3,136
EMC,2020-01-14,NA,Lepisosteiformes,Lepisosteidae,Lepisosteus,oculatus,2,136
EMC,2020-01-14,NA,Siluriformes,Ictaluridae,Noturus,gyrinus,5,136
EMC,2020-05-30,NA,Centrachiformes,Centrarchidae,Lepomis,cyanellus,3,63
EMC,2020-05-30,NA,Centrachiformes,Centrarchidae,Lepomis,gulosus,3,63
EMC,2020-05-30,NA,Centrachiformes,Centrarchidae,Lepomis,macrochirus,20,63
EMC,2020-05-30,NA,Centrachiformes,Centrarchidae,Lepomis,megalotis,28,63
EMC,2020-05-30,NA,Cyprinidontiformes,Poeciliidae,Gambusia,affinis,8,63
EMC,2020-05-30,NA,Cypriniformes,Leuciscidae,Cyprinella,venusta,2,63
EMC,2020-05-30,NA,Lepisosteiformes,Lepisosteidae,Lepisosteus,oculatus,3,63
EMC,2020-09-08,NA,Centrachiformes,Centrarchidae,Lepomis,cyanellus,12,65
EMC,2020-09-08,NA,Centrachiformes,Centrarchidae,Lepomis,gulosus,4,65
EMC,2020-09-08,NA,Centrachiformes,Centrarchidae,Lepomis,macrochirus,8,65
EMC,2020-09-08,NA,Centrachiformes,Centrarchidae,Lepomis,megalotis,29,65
EMC,2020-09-08,NA,Centrachiformes,Centrarchidae,Micropterus,salmoides,2,65
EMC,2020-09-08,NA,Clupeiformes,Clupeidae,Dorosoma,petenense,2,65
EMC,2020-09-08,NA,Cyprinidontiformes,Poeciliidae,Gambusia,affinis,10,65
EMC,2020-09-08,NA,Cypriniformes,Leuciscidae,Pimephales,vigilax,2,65
EMC,2020-09-08,NA,Lepisosteiformes,Lepisosteidae,Lepisosteus,oculatus,2,65
EMC,2020-11-05,NA,Centrachiformes,Centrarchidae,Lepomis,cyanellus,3,192
EMC,2020-11-05,NA,Centrachiformes,Centrarchidae,Lepomis,gulosus,7,192
EMC,2020-11-05,NA,Centrachiformes,Centrarchidae,Lepomis,macrochirus,23,192
EMC,2020-11-05,NA,Centrachiformes,Centrarchidae,Lepomis,megalotis,76,192
EMC,2020-11-05,NA,Centrarchiformes,Centrarchidae,Pomoxis,annularis,2,192
EMC,2020-11-05,NA,Cyprinidontiformes,Cyprinidae,Cyprinus,carpio,3,192
EMC,2020-11-05,NA,Cyprinidontiformes,Poeciliidae,Gambusia,affinis,64,192
EMC,2020-11-05,NA,Cypriniformes,Catostomidae,Ictiobus,bubalus,2,192
EMC,2020-11-05,NA,Cypriniformes,Leuciscidae,Cyprinella,venusta,4,192
EMC,2020-11-05,NA,Cypriniformes,Leuciscidae,Notropis,texanus,4,192
EMC,2020-11-05,NA,Lepisosteiformes,Lepisosteidae,Lepisosteus,oculatus,8,192
EMC,2020-11-05,NA,Perciformes,Pecidae,Etheostoma,gracile,3,192
GC,2018-11-15,NA,Centrachiformes,Centrarchidae,Lepomis,gulosus,2,120
GC,2018-11-15,NA,Centrachiformes,Centrarchidae,Lepomis,macrochirus,30,120
GC,2018-11-15,NA,Centrachiformes,Centrarchidae,Lepomis,megalotis,35,120
GC,2018-11-15,NA,Centrachiformes,Centrarchidae,Lepomis,miniatus,13,120
GC,2018-11-15,NA,Centrachiformes,Centrarchidae,Micropterus,salmoides,4,120
GC,2018-11-15,NA,Cyprinidontiformes,Fundulidae,Fundulus,chrysotus,2,120
GC,2018-11-15,NA,Cyprinidontiformes,Poeciliidae,Gambusia,affinis,35,120
GC,2018-11-15,NA,Perciformes,Pecidae,Etheostoma,gracile,2,120
GC,2020-01-15,NA,Centrachiformes,Centrarchidae,Lepomis,gulosus,7,150
GC,2020-01-15,NA,Centrachiformes,Centrarchidae,Lepomis,humilis,18,150
GC,2020-01-15,NA,Centrachiformes,Centrarchidae,Lepomis,macrochirus,65,150
GC,2020-01-15,NA,Centrachiformes,Centrarchidae,Lepomis,megalotis,21,150
GC,2020-01-15,NA,Centrachiformes,Centrarchidae,Lepomis,microlophus,4,150
GC,2020-01-15,NA,Cyprinidontiformes,Fundulidae,Fundulus,notatus,4,150
GC,2020-01-15,NA,Cyprinidontiformes,Poeciliidae,Gambusia,affinis,35,150
GC,2020-05-24,NA,Centrachiformes,Centrarchidae,Lepomis,gulosus,17,238
GC,2020-05-24,NA,Centrachiformes,Centrarchidae,Lepomis,macrochirus,19,238
GC,2020-05-24,NA,Centrachiformes,Centrarchidae,Lepomis,megalotis,110,238
GC,2020-05-24,NA,Centrachiformes,Centrarchidae,Lepomis,miniatus,24,238
GC,2020-05-24,NA,Centrachiformes,Centrarchidae,Micropterus,salmoides,22,238
GC,2020-05-24,NA,Cyprinidontiformes,Fundulidae,Fundulus,chrysotus,3,238
GC,2020-05-24,NA,Cyprinidontiformes,Fundulidae,Fundulus,grandis,3,238
GC,2020-05-24,NA,Cyprinidontiformes,Poeciliidae,Gambusia,affinis,43,238
GC,2020-05-24,NA,Cypriniformes,Leuciscidae,Notropis,texanus,3,238
GC,2020-09-09,NA,Centrachiformes,Centrarchidae,Lepomis,auritus,85,348
GC,2020-09-09,NA,Centrachiformes,Centrarchidae,Lepomis,cyanellus,9,348
GC,2020-09-09,NA,Centrachiformes,Centrarchidae,Lepomis,gulosus,15,348
GC,2020-09-09,NA,Centrachiformes,Centrarchidae,Lepomis,macrochirus,77,348
GC,2020-09-09,NA,Centrachiformes,Centrarchidae,Lepomis,megalotis,109,348
GC,2020-09-09,NA,Centrachiformes,Centrarchidae,Lepomis,microlophus,19,348
GC,2020-09-09,NA,Centrachiformes,Centrarchidae,Lepomis,miniatus,27,348
GC,2020-09-09,NA,Centrachiformes,Centrarchidae,Micropterus,salmoides,9,348
GC,2020-09-09,NA,Cyprinidontiformes,Poeciliidae,Gambusia,affinis,3,348
GC,2020-09-09,NA,Cypriniformes,Leuciscidae,Cyprinella,venusta,3,348
GC,2020-09-09,NA,Cypriniformes,Leuciscidae,Notropis,texanus,3,348
GC,2020-11-02,NA,Centrachiformes,Centrarchidae,Lepomis,auritus,12,252
GC,2020-11-02,NA,Centrachiformes,Centrarchidae,Lepomis,cyanellus,30,252
GC,2020-11-02,NA,Centrachiformes,Centrarchidae,Lepomis,gulosus,19,252
GC,2020-11-02,NA,Centrachiformes,Centrarchidae,Lepomis,macrochirus,37,252
GC,2020-11-02,NA,Centrachiformes,Centrarchidae,Lepomis,megalotis,23,252
GC,2020-11-02,NA,Centrachiformes,Centrarchidae,Lepomis,microlophus,30,252
GC,2020-11-02,NA,Centrachiformes,Centrarchidae,Lepomis,miniatus,30,252
GC,2020-11-02,NA,Centrachiformes,Centrarchidae,Micropterus,salmoides,7,252
GC,2020-11-02,NA,Cyprinidontiformes,Fundulidae,Fundulus,chrysotus,10,252
GC,2020-11-02,NA,Cyprinidontiformes,Fundulidae,Fundulus,grandis,5,252
GC,2020-11-02,NA,Cyprinidontiformes,Poeciliidae,Gambusia,affinis,48,252
GC,2020-11-02,NA,Lepisosteiformes,Lepisosteidae,Lepisosteus,oculatus,7,252
MR,2020-01-17,NA,Centrachiformes,Centrarchidae,Lepomis,cyanellus,8,103
MR,2020-01-17,NA,Centrachiformes,Centrarchidae,Lepomis,gulosus,24,103
MR,2020-01-17,NA,Centrachiformes,Centrarchidae,Lepomis,macrochirus,16,103
MR,2020-01-17,NA,Centrachiformes,Centrarchidae,Lepomis,megalotis,8,103
MR,2020-01-17,NA,Centrachiformes,Centrarchidae,Lepomis,microlophus,8,103
MR,2020-01-17,NA,Cichliformes,Cichlidae,Herichthys,cyanoguttatum,8,103
MR,2020-01-17,NA,Cyprinidontiformes,Poeciliidae,Gambusia,affinis,8,103
MR,2020-01-17,NA,Mugiliformes,Mugilidae,Mugil,cephalus,16,103
MR,2020-05-21,NA,Centrachiformes,Centrarchidae,Lepomis,cyanellus,9,126
MR,2020-05-21,NA,Centrachiformes,Centrarchidae,Lepomis,gulosus,5,126
MR,2020-05-21,NA,Centrachiformes,Centrarchidae,Lepomis,macrochirus,23,126
MR,2020-05-21,NA,Centrachiformes,Centrarchidae,Micropterus,salmoides,18,126
MR,2020-05-21,NA,Cichliformes,Cichlidae,Herichthys,cyanoguttatum,9,126
MR,2020-05-21,NA,Cyprinidontiformes,Poeciliidae,Gambusia,affinis,9,126
MR,2020-05-21,NA,Cyprinidontiformes,Poeciliidae,Poecilia,formosa,9,126
MR,2020-05-21,NA,Cyprinidontiformes,Poeciliidae,Poecilia,latipinna,9,126
MR,2020-05-21,NA,Gobiiformes,Eleotridae,Dormitator,maculatus,5,126
MR,2020-05-21,NA,Lepisosteiformes,Lepisosteidae,Lepisosteus,oculatus,5,126
MR,2020-05-21,NA,Mugiliformes,Mugilidae,Mugil,cephalus,23,126
MR,2020-05-21,NA,Siluriformes,Ictaluridae,Ictalurus,punctatus,5,126
MR,2020-09-10,NA,Centrachiformes,Centrarchidae,Lepomis,cyanellus,10,164
MR,2020-09-10,NA,Centrachiformes,Centrarchidae,Lepomis,macrochirus,10,164
MR,2020-09-10,NA,Centrachiformes,Centrarchidae,Lepomis,megalotis,10,164
MR,2020-09-10,NA,Centrachiformes,Centrarchidae,Lepomis,microlophus,7,164
MR,2020-09-10,NA,Centrachiformes,Centrarchidae,Micropterus,salmoides,4,164
MR,2020-09-10,NA,Cichliformes,Cichlidae,Herichthys,cyanoguttatum,13,164
MR,2020-09-10,NA,Cyprinidontiformes,Poeciliidae,Gambusia,affinis,13,164
MR,2020-09-10,NA,Cyprinidontiformes,Poeciliidae,Poecilia,latipinna,99,164
MR,2020-09-10,NA,Gobiiformes,Eleotridae,Gobiomorus,dormitor,4,164
MR,2020-11-03,NA,Centrachiformes,Centrarchidae,Lepomis,auritus,2,187
MR,2020-11-03,NA,Centrachiformes,Centrarchidae,Lepomis,cyanellus,2,187
MR,2020-11-03,NA,Centrachiformes,Centrarchidae,Lepomis,gulosus,2,187
MR,2020-11-03,NA,Centrachiformes,Centrarchidae,Lepomis,macrochirus,5,187
MR,2020-11-03,NA,Centrachiformes,Centrarchidae,Lepomis,megalotis,4,187
MR,2020-11-03,NA,Centrachiformes,Centrarchidae,Lepomis,microlophus,7,187
MR,2020-11-03,NA,Centrachiformes,Centrarchidae,Micropterus,salmoides,5,187
MR,2020-11-03,NA,Cichliformes,Cichlidae,Herichthys,cyanoguttatum,9,187
MR,2020-11-03,NA,Cyprinidontiformes,Fundulidae,Fundulus,chrysotus,22,187
MR,2020-11-03,NA,Cyprinidontiformes,Poeciliidae,Gambusia,affinis,48,187
MR,2020-11-03,NA,Cyprinidontiformes,Poeciliidae,Poecilia,formosa,2,187
MR,2020-11-03,NA,Cyprinidontiformes,Poeciliidae,Poecilia,latipinna,81,187
MR,2020-11-03,NA,Lepisosteiformes,Lepisosteidae,Lepisosteus,oculatus,2,187
MR,2020-11-03,NA,Siluriformes,Ictaluridae,Ictalurus,punctatus,2,187
PDC,2020-01-16,NA,Centrachiformes,Centrarchidae,Lepomis,auritus,21,91
PDC,2020-01-16,NA,Centrachiformes,Centrarchidae,Lepomis,cyanellus,22,91
PDC,2020-01-16,NA,Centrachiformes,Centrarchidae,Lepomis,macrochirus,14,91
PDC,2020-01-16,NA,Centrachiformes,Centrarchidae,Lepomis,megalotis,16,91
PDC,2020-01-16,NA,Centrachiformes,Centrarchidae,Lepomis,microlophus,6,91
PDC,2020-01-16,NA,Cichliformes,Cichlidae,Herichthys,cyanoguttatum,4,91
PDC,2020-01-16,NA,Cyprinidontiformes,Cyprinidae,Cyprinus,carpio,3,91
PDC,2020-01-16,NA,Cyprinidontiformes,Fundulidae,Fundulus,notatus,5,91
PDC,2020-01-16,NA,Cyprinidontiformes,Poeciliidae,Gambusia,affinis,2,91
PDC,2020-01-16,NA,Cyprinidontiformes,Poeciliidae,Poecilia,latipinna,2,91
PDC,2020-01-16,NA,Lepisosteiformes,Lepisosteidae,Lepisosteus,oculatus,2,91
PDC,2020-05-21,NA,Centrachiformes,Centrarchidae,Lepomis,auritus,2,105
PDC,2020-05-21,NA,Centrachiformes,Centrarchidae,Lepomis,cyanellus,30,105
PDC,2020-05-21,NA,Centrachiformes,Centrarchidae,Lepomis,gulosus,7,105
PDC,2020-05-21,NA,Centrachiformes,Centrarchidae,Lepomis,macrochirus,26,105
PDC,2020-05-21,NA,Centrachiformes,Centrarchidae,Micropterus,salmoides,9,105
PDC,2020-05-21,NA,Cichliformes,Cichlidae,Herichthys,cyanoguttatum,6,105
PDC,2020-05-21,NA,Cyprinidontiformes,Cyprinidae,Cyprinus,carpio,2,105
PDC,2020-05-21,NA,Cyprinidontiformes,Fundulidae,Fundulus,chrysotus,4,105
PDC,2020-05-21,NA,Cyprinidontiformes,Fundulidae,Fundulus,grandis,4,105
PDC,2020-05-21,NA,Cyprinidontiformes,Fundulidae,Fundulus,notatus,2,105
PDC,2020-05-21,NA,Cyprinidontiformes,Poeciliidae,Gambusia,affinis,14,105
PDC,2020-05-21,NA,Cyprinidontiformes,Poeciliidae,Poecilia,latipinna,4,105
PDC,2020-09-09,NA,Centrachiformes,Centrarchidae,Lepomis,auritus,94,336
PDC,2020-09-09,NA,Centrachiformes,Centrarchidae,Lepomis,cyanellus,49,336
PDC,2020-09-09,NA,Centrachiformes,Centrarchidae,Lepomis,gulosus,9,336
PDC,2020-09-09,NA,Centrachiformes,Centrarchidae,Lepomis,macrochirus,53,336
PDC,2020-09-09,NA,Centrachiformes,Centrarchidae,Lepomis,megalotis,9,336
PDC,2020-09-09,NA,Centrachiformes,Centrarchidae,Lepomis,microlophus,3,336
PDC,2020-09-09,NA,Centrachiformes,Centrarchidae,Micropterus,salmoides,19,336
PDC,2020-09-09,NA,Cichliformes,Cichlidae,Herichthys,cyanoguttatum,69,336
PDC,2020-09-09,NA,Cyprinidontiformes,Fundulidae,Fundulus,chrysotus,5,336
PDC,2020-09-09,NA,Cyprinidontiformes,Fundulidae,Fundulus,notatus,7,336
PDC,2020-09-09,NA,Cyprinidontiformes,Poeciliidae,Gambusia,affinis,17,336
PDC,2020-09-09,NA,Cyprinidontiformes,Poeciliidae,Poecilia,latipinna,11,336
PLC,2020-01-15,NA,Centrachiformes,Centrarchidae,Lepomis,cyanellus,9,339
PLC,2020-01-15,NA,Centrachiformes,Centrarchidae,Lepomis,gulosus,2,339
PLC,2020-01-15,NA,Centrachiformes,Centrarchidae,Lepomis,macrochirus,3,339
PLC,2020-01-15,NA,Centrachiformes,Centrarchidae,Lepomis,megalotis,57,339
PLC,2020-01-15,NA,Cyprinidontiformes,Poeciliidae,Gambusia,affinis,86,339
PLC,2020-01-15,NA,Cyprinidontiformes,Poeciliidae,Poecilia,latipinna,116,339
PLC,2020-01-15,NA,Cypriniformes,Leuciscidae,Cyprinella,lutrensis,64,339
PLC,2020-01-15,NA,Gobiiformes,Eleotridae,Dormitator,maculatus,2,339
PLC,2020-01-15,NA,Siluriformes,Ictaluridae,Ictalurus,punctatus,3,339
PLC,2020-05-24,NA,Centrachiformes,Centrarchidae,Lepomis,auritus,10,394
PLC,2020-05-24,NA,Centrachiformes,Centrarchidae,Lepomis,cyanellus,65,394
PLC,2020-05-24,NA,Centrachiformes,Centrarchidae,Lepomis,gulosus,2,394
PLC,2020-05-24,NA,Centrachiformes,Centrarchidae,Lepomis,macrochirus,25,394
PLC,2020-05-24,NA,Centrachiformes,Centrarchidae,Lepomis,megalotis,129,394
PLC,2020-05-24,NA,Centrachiformes,Centrarchidae,Micropterus,salmoides,9,394
PLC,2020-05-24,NA,Cyprinidontiformes,Poeciliidae,Gambusia,affinis,64,394
PLC,2020-05-24,NA,Cyprinidontiformes,Poeciliidae,Poecilia,formosa,4,394
PLC,2020-05-24,NA,Cyprinidontiformes,Poeciliidae,Poecilia,latipinna,12,394
PLC,2020-05-24,NA,Cypriniformes,Leuciscidae,Cyprinella,lutrensis,56,394
PLC,2020-05-24,NA,Lepisosteiformes,Lepisosteidae,Lepisosteus,oculatus,4,394
PLC,2020-05-24,NA,Siluriformes,Ictaluridae,Ameiurus,natalis,20,394
PLC,2020-05-24,NA,Siluriformes,Ictaluridae,Ictalurus,punctatus,2,394
PLC,2020-09-15,NA,Centrachiformes,Centrarchidae,Lepomis,cyanellus,13,286
PLC,2020-09-15,NA,Centrachiformes,Centrarchidae,Lepomis,gulosus,3,286
PLC,2020-09-15,NA,Centrachiformes,Centrarchidae,Lepomis,macrochirus,5,286
PLC,2020-09-15,NA,Centrachiformes,Centrarchidae,Lepomis,megalotis,156,286
PLC,2020-09-15,NA,Centrachiformes,Centrarchidae,Micropterus,salmoides,5,286
PLC,2020-09-15,NA,Cyprinidontiformes,Poeciliidae,Gambusia,affinis,17,286
PLC,2020-09-15,NA,Cyprinidontiformes,Poeciliidae,Poecilia,latipinna,45,286
PLC,2020-09-15,NA,Cypriniformes,Leuciscidae,Cyprinella,lutrensis,17,286
PLC,2020-09-15,NA,Gobiiformes,Eleotridae,Dormitator,maculatus,5,286
PLC,2020-09-15,NA,Lepisosteiformes,Lepisosteidae,Lepisosteus,oculatus,3,286
PLC,2020-09-15,NA,Siluriformes,Ictaluridae,Ameiurus,natalis,9,286
PLC,2020-09-15,NA,Siluriformes,Ictaluridae,Ictalurus,punctatus,3,286
PLC,2020-11-02,NA,Centrachiformes,Centrarchidae,Lepomis,cyanellus,2,731
PLC,2020-11-02,NA,Centrachiformes,Centrarchidae,Lepomis,gulosus,3,731
PLC,2020-11-02,NA,Centrachiformes,Centrarchidae,Lepomis,macrochirus,19,731
PLC,2020-11-02,NA,Centrachiformes,Centrarchidae,Lepomis,megalotis,155,731
PLC,2020-11-02,NA,Centrachiformes,Centrarchidae,Micropterus,salmoides,5,731
PLC,2020-11-02,NA,Cyprinidontiformes,Poeciliidae,Gambusia,affinis,90,731
PLC,2020-11-02,NA,Cyprinidontiformes,Poeciliidae,Poecilia,latipinna,359,731
PLC,2020-11-02,NA,Cypriniformes,Leuciscidae,Cyprinella,lutrensis,91,731
PLC,2020-11-02,NA,Gobiiformes,Eleotridae,Dormitator,maculatus,3,731
PLC,2020-11-02,NA,Mugiliformes,Mugilidae,Mugil,cephalus,4,731
PLC,2020-11-02,NA,Siluriformes,Ictaluridae,Ameiurus,natalis,4,731
PLC,2020-11-02,NA,Siluriformes,Ictaluridae,Ictalurus,punctatus,2,731
SFC,2020-01-13,NA,Centrachiformes,Centrarchidae,Lepomis,cyanellus,14,1051
SFC,2020-01-13,NA,Characiformes,Characidae,Astyanax,mexicanus,22,1051
SFC,2020-01-13,NA,Cichliformes,Cichlidae,Herichthys,cyanoguttatum,78,1051
SFC,2020-01-13,NA,Cyprinidontiformes,Poeciliidae,Gambusia,affinis,12,1051
SFC,2020-01-13,NA,Cyprinidontiformes,Poeciliidae,Poecilia,formosa,237,1051
SFC,2020-01-13,NA,Cyprinidontiformes,Poeciliidae,Poecilia,latipinna,689,1051
SFC,2020-01-13,NA,Siluriformes,Ictaluridae,Ameiurus,melas,2,1051
SFC,2020-05-27,NA,Centrachiformes,Centrarchidae,Lepomis,cyanellus,15,430
SFC,2020-05-27,NA,Centrachiformes,Centrarchidae,Lepomis,gulosus,5,430
SFC,2020-05-27,NA,Centrachiformes,Centrarchidae,Lepomis,macrochirus,75,430
SFC,2020-05-27,NA,Centrachiformes,Centrarchidae,Micropterus,salmoides,3,430
SFC,2020-05-27,NA,Characiformes,Characidae,Astyanax,mexicanus,30,430
SFC,2020-05-27,NA,Cichliformes,Cichlidae,Herichthys,cyanoguttatum,125,430
SFC,2020-05-27,NA,Cichliformes,Cichlidae,Oreochromis,aureus,13,430
SFC,2020-05-27,NA,Cyprinidontiformes,Poeciliidae,Gambusia,affinis,36,430
SFC,2020-05-27,NA,Cyprinidontiformes,Poeciliidae,Poecilia,latipinna,119,430
SFC,2020-05-27,NA,Lepisosteiformes,Lepisosteidae,Lepisosteus,oculatus,15,430
SFC,2020-09-11,NA,Centrachiformes,Centrarchidae,Lepomis,cyanellus,2,223
SFC,2020-09-11,NA,Characiformes,Characidae,Astyanax,mexicanus,18,223
SFC,2020-09-11,NA,Cichliformes,Cichlidae,Herichthys,cyanoguttatum,51,223
SFC,2020-09-11,NA,Cichliformes,Cichlidae,Oreochromis,aureus,2,223
SFC,2020-09-11,NA,Cyprinidontiformes,Poeciliidae,Gambusia,affinis,40,223
SFC,2020-09-11,NA,Cyprinidontiformes,Poeciliidae,Poecilia,formosa,67,223
SFC,2020-09-11,NA,Cyprinidontiformes,Poeciliidae,Poecilia,latipinna,47,223
SFC,2020-11-04,NA,Centrachiformes,Centrarchidae,Lepomis,macrochirus,2,519
SFC,2020-11-04,NA,Characiformes,Characidae,Astyanax,mexicanus,23,519
SFC,2020-11-04,NA,Cichliformes,Cichlidae,Herichthys,cyanoguttatum,127,519
SFC,2020-11-04,NA,Cichliformes,Cichlidae,Oreochromis,aureus,6,519
SFC,2020-11-04,NA,Cyprinidontiformes,Poeciliidae,Gambusia,affinis,48,519
SFC,2020-11-04,NA,Cyprinidontiformes,Poeciliidae,Poecilia,formosa,197,519
SFC,2020-11-04,NA,Cyprinidontiformes,Poeciliidae,Poecilia,latipinna,120,519
TRC,2018-02-02,NA,Characiformes,Characidae,Astyanax,mexicanus,21,2748
TRC,2018-02-02,NA,Cichliformes,Cichlidae,Herichthys,cyanoguttatum,2,2748
TRC,2018-02-02,NA,Cyprinidontiformes,Cyprinodontidae,Cyprinodon,variegatus,2264,2748
TRC,2018-02-02,NA,Cyprinidontiformes,Fundulidae,Fundulus,grandis,7,2748
TRC,2018-02-02,NA,Cyprinidontiformes,Poeciliidae,Gambusia,affinis,43,2748
TRC,2018-02-02,NA,Cyprinidontiformes,Poeciliidae,Poecilia,formosa,41,2748
TRC,2018-02-02,NA,Cyprinidontiformes,Poeciliidae,Poecilia,latipinna,373,2748
TRC,2020-01-13,NA,Centrachiformes,Centrarchidae,Lepomis,macrochirus,8,498
TRC,2020-01-13,NA,Characiformes,Characidae,Astyanax,mexicanus,4,498
TRC,2020-01-13,NA,Cichliformes,Cichlidae,Herichthys,cyanoguttatum,2,498
TRC,2020-01-13,NA,Cichliformes,Cichlidae,Oreochromis,aureus,2,498
TRC,2020-01-13,NA,Cyprinidontiformes,Cyprinodontidae,Cyprinodon,variegatus,306,498
TRC,2020-01-13,NA,Cyprinidontiformes,Fundulidae,Fundulus,grandis,11,498
TRC,2020-01-13,NA,Cyprinidontiformes,Poeciliidae,Gambusia,affinis,43,498
TRC,2020-01-13,NA,Cyprinidontiformes,Poeciliidae,Poecilia,latipinna,125,498
TRC,2020-05-27,NA,Centrachiformes,Centrarchidae,Lepomis,cyanellus,6,115
TRC,2020-05-27,NA,Centrachiformes,Centrarchidae,Lepomis,macrochirus,28,115
TRC,2020-05-27,NA,Characiformes,Characidae,Astyanax,mexicanus,6,115
TRC,2020-05-27,NA,Cichliformes,Cichlidae,Herichthys,cyanoguttatum,11,115
TRC,2020-05-27,NA,Cichliformes,Cichlidae,Oreochromis,aureus,6,115
TRC,2020-05-27,NA,Cyprinidontiformes,Cyprinodontidae,Cyprinodon,variegatus,6,115
TRC,2020-05-27,NA,Cyprinidontiformes,Poeciliidae,Gambusia,affinis,6,115
TRC,2020-05-27,NA,Cyprinidontiformes,Poeciliidae,Poecilia,latipinna,50,115
TRC,2020-09-11,NA,Characiformes,Characidae,Astyanax,mexicanus,7,269
TRC,2020-09-11,NA,Cichliformes,Cichlidae,Herichthys,cyanoguttatum,25,269
TRC,2020-09-11,NA,Cichliformes,Cichlidae,Oreochromis,aureus,3,269
TRC,2020-09-11,NA,Cyprinidontiformes,Cyprinodontidae,Cyprinodon,variegatus,53,269
TRC,2020-09-11,NA,Cyprinidontiformes,Poeciliidae,Gambusia,affinis,23,269
TRC,2020-09-11,NA,Cyprinidontiformes,Poeciliidae,Poecilia,formosa,71,269
TRC,2020-09-11,NA,Cyprinidontiformes,Poeciliidae,Poecilia,latipinna,58,269
TRC,2020-09-11,NA,Cyprinodontiformes,Fundulidae,Lucania,parva,34,269
TRC,2020-11-04,NA,Cichliformes,Cichlidae,Oreochromis,aureus,5,1827
TRC,2020-11-04,NA,Cyprinidontiformes,Cyprinodontidae,Cyprinodon,variegatus,1265,1827
TRC,2020-11-04,NA,Cyprinidontiformes,Fundulidae,Fundulus,grandis,23,1827
TRC,2020-11-04,NA,Cyprinidontiformes,Poeciliidae,Gambusia,affinis,232,1827
TRC,2020-11-04,NA,Cyprinidontiformes,Poeciliidae,Poecilia,latipinna,26,1827
WMC,2020-01-14,NA,Centrachiformes,Centrarchidae,Lepomis,cyanellus,35,196
WMC,2020-01-14,NA,Centrachiformes,Centrarchidae,Lepomis,gulosus,14,196
WMC,2020-01-14,NA,Centrachiformes,Centrarchidae,Lepomis,macrochirus,16,196
WMC,2020-01-14,NA,Centrachiformes,Centrarchidae,Lepomis,megalotis,104,196
WMC,2020-01-14,NA,Cyprinidontiformes,Poeciliidae,Gambusia,affinis,16,196
WMC,2020-01-14,NA,Perciformes,Pecidae,Etheostoma,gracile,14,196
WMC,2020-05-30,NA,Centrachiformes,Centrarchidae,Lepomis,cyanellus,15,142
WMC,2020-05-30,NA,Centrachiformes,Centrarchidae,Lepomis,macrochirus,11,142
WMC,2020-05-30,NA,Centrachiformes,Centrarchidae,Lepomis,megalotis,52,142
WMC,2020-05-30,NA,Centrachiformes,Centrarchidae,Micropterus,salmoides,4,142
WMC,2020-05-30,NA,Cyprinidontiformes,Poeciliidae,Gambusia,affinis,48,142
WMC,2020-05-30,NA,Cypriniformes,Leuciscidae,Cyprinella,venusta,15,142
WMC,2020-09-08,NA,Centrachiformes,Centrarchidae,Lepomis,cyanellus,10,87
WMC,2020-09-08,NA,Centrachiformes,Centrarchidae,Lepomis,gulosus,14,87
WMC,2020-09-08,NA,Centrachiformes,Centrarchidae,Lepomis,macrochirus,14,87
WMC,2020-09-08,NA,Centrachiformes,Centrarchidae,Lepomis,megalotis,37,87
WMC,2020-09-08,NA,Centrachiformes,Centrarchidae,Micropterus,salmoides,5,87
WMC,2020-09-08,NA,Cyprinidontiformes,Poeciliidae,Gambusia,affinis,5,87
WMC,2020-09-08,NA,Percopsiformes,Aphredoderidae,Aphredoderus,sayanus,5,87
WMC,2020-11-05,NA,Centrachiformes,Centrarchidae,Lepomis,cyanellus,23,162
WMC,2020-11-05,NA,Centrachiformes,Centrarchidae,Lepomis,gulosus,14,162
WMC,2020-11-05,NA,Centrachiformes,Centrarchidae,Lepomis,macrochirus,8,162
WMC,2020-11-05,NA,Centrachiformes,Centrarchidae,Lepomis,megalotis,82,162
WMC,2020-11-05,NA,Centrachiformes,Centrarchidae,Lepomis,microlophus,2,162
WMC,2020-11-05,NA,Centrachiformes,Centrarchidae,Micropterus,salmoides,3,162
WMC,2020-11-05,NA,Cyprinidontiformes,Poeciliidae,Gambusia,affinis,25,162
WMC,2020-11-05,NA,Cypriniformes,Leuciscidae,Cyprinella,venusta,5,162
WMC,2020-11-05,NA,Percopsiformes,Aphredoderidae,Aphredoderus,sayanus,4,162
